patient_id,name,birth_date,conditions,medications,allergies,planned_appointment,appointment_date,preferred_activity,demo_goal,data_origin
DEMO-0001,Cameron Demo 0001,1981-01-25,No conditions recorded,No medications recorded,Latex,Annual wellness visit,2026-12-20,Cycling,Prepare a travel medication summary,synthetic_handcrafted
DEMO-0002,Skyler Demo 0002,2000-03-31,Hypertension,Lisinopril,Peanuts,Blood pressure follow-up,2027-01-11,Cycling,Prepare a travel medication summary,synthetic_handcrafted
DEMO-0003,Jamie Demo 0003,1976-04-06,Asthma,Albuterol inhaler,Latex,Asthma care review,2026-12-16,Cycling,Prepare a travel medication summary,synthetic_handcrafted
DEMO-0004,Rowan Demo 0004,1985-02-05,Type 2 diabetes,Metformin,Latex,Diabetes follow-up,2026-12-06,Swimming,Prepare for a hackathon,synthetic_handcrafted
DEMO-0005,Skyler Demo 0005,1984-05-28,Hypothyroidism,Levothyroxine,Sulfonamide antibiotics,Thyroid care follow-up,2026-12-15,Swimming,Prepare a brief for a new doctor,synthetic_handcrafted
DEMO-0006,Drew Demo 0006,1971-01-20,No conditions recorded,No medications recorded,Peanuts,Annual wellness visit,2026-11-27,Cycling,Prepare a brief for a new doctor,synthetic_handcrafted
DEMO-0007,Rowan Demo 0007,2004-10-28,Hypertension,Lisinopril,No known allergies recorded,Blood pressure follow-up,2026-12-05,Cycling,Prepare a brief for a new doctor,synthetic_handcrafted
DEMO-0008,Dakota Demo 0008,1988-08-23,Asthma,Albuterol inhaler,Sulfonamide antibiotics,Asthma care review,2026-10-18,Cycling,Prepare for a hackathon,synthetic_handcrafted
DEMO-0009,Finley Demo 0009,2007-10-11,Type 2 diabetes,Metformin,Sulfonamide antibiotics,Diabetes follow-up,2027-02-16,Swimming,Set a daily check-in preference,synthetic_handcrafted
DEMO-0010,Finley Demo 0010,1998-08-18,Hypothyroidism,Levothyroxine,Sulfonamide antibiotics,Thyroid care follow-up,2027-01-19,Cycling,Prepare a brief for a new doctor,synthetic_handcrafted
DEMO-0011,Jordan Demo 0011,1997-01-17,No conditions recorded,No medications recorded,Latex,Annual wellness visit,2027-02-19,Swimming,Set a daily check-in preference,synthetic_handcrafted
DEMO-0012,Alex Demo 0012,1989-12-18,Hypertension,Lisinopril,Penicillin,Blood pressure follow-up,2026-11-17,Swimming,Prepare a brief for a new doctor,synthetic_handcrafted
DEMO-0013,Jamie Demo 0013,1990-06-14,Asthma,Albuterol inhaler,Penicillin,Asthma care review,2026-12-05,Swimming,Set a daily check-in preference,synthetic_handcrafted
DEMO-0014,Casey Demo 0014,1997-08-20,Type 2 diabetes,Metformin,Penicillin,Diabetes follow-up,2026-11-09,Walking,Prepare a travel medication summary,synthetic_handcrafted
DEMO-0015,Alex Demo 0015,1976-03-29,Hypothyroidism,Levothyroxine,Peanuts,Thyroid care follow-up,2026-12-06,Swimming,Prepare for a hackathon,synthetic_handcrafted
DEMO-0016,Reese Demo 0016,1984-11-02,No conditions recorded,No medications recorded,Penicillin,Annual wellness visit,2026-10-23,Swimming,Set a daily check-in preference,synthetic_handcrafted
DEMO-0017,Casey Demo 0017,2001-03-24,Hypertension,Lisinopril,Sulfonamide antibiotics,Blood pressure follow-up,2026-12-20,Running,Prepare a brief for a new doctor,synthetic_handcrafted
DEMO-0018,Taylor Demo 0018,1971-06-23,Asthma,Albuterol inhaler,Peanuts,Asthma care review,2027-03-16,Cycling,Prepare a travel medication summary,synthetic_handcrafted
DEMO-0019,Morgan Demo 0019,1977-07-04,Type 2 diabetes,Metformin,Latex,Diabetes follow-up,2026-12-23,Swimming,Prepare a brief for a new doctor,synthetic_handcrafted
DEMO-0020,Skyler Demo 0020,1989-04-12,Hypothyroidism,Levothyroxine,Peanuts,Thyroid care follow-up,2027-02-05,Walking,Set a daily check-in preference,synthetic_handcrafted
DEMO-0021,Emerson Demo 0021,1991-07-04,No conditions recorded,No medications recorded,No known allergies recorded,Annual wellness visit,2027-02-09,Running,Prepare a travel medication summary,synthetic_handcrafted
DEMO-0022,Avery Demo 0022,1992-04-06,Hypertension,Lisinopril,Peanuts,Blood pressure follow-up,2026-11-12,Swimming,Set a daily check-in preference,synthetic_handcrafted
DEMO-0023,Drew Demo 0023,2002-02-25,Asthma,Albuterol inhaler,No known allergies recorded,Asthma care review,2027-01-21,Walking,Prepare a brief for a new doctor,synthetic_handcrafted
DEMO-0024,Jordan Demo 0024,1995-03-29,Type 2 diabetes,Metformin,Penicillin,Diabetes follow-up,2026-10-27,Running,Prepare a brief for a new doctor,synthetic_handcrafted
DEMO-0025,Finley Demo 0025,1991-01-18,Hypothyroidism,Levothyroxine,Peanuts,Thyroid care follow-up,2026-12-29,Swimming,Set a daily check-in preference,synthetic_handcrafted
DEMO-0026,Finley Demo 0026,1976-10-11,No conditions recorded,No medications recorded,Peanuts,Annual wellness visit,2026-12-07,Walking,Prepare a brief for a new doctor,synthetic_handcrafted
DEMO-0027,Casey Demo 0027,2000-05-07,Hypertension,Lisinopril,No known allergies recorded,Blood pressure follow-up,2026-10-31,Walking,Set a daily check-in preference,synthetic_handcrafted
DEMO-0028,Quinn Demo 0028,1985-06-16,Asthma,Albuterol inhaler,No known allergies recorded,Asthma care review,2027-02-17,Walking,Prepare a brief for a new doctor,synthetic_handcrafted
DEMO-0029,Rowan Demo 0029,1971-11-09,Type 2 diabetes,Metformin,Peanuts,Diabetes follow-up,2027-03-03,Swimming,Prepare for a hackathon,synthetic_handcrafted
DEMO-0030,Taylor Demo 0030,1992-03-08,Hypothyroidism,Levothyroxine,Peanuts,Thyroid care follow-up,2027-02-11,Cycling,Prepare a travel medication summary,synthetic_handcrafted
DEMO-0031,Casey Demo 0031,1971-02-27,No conditions recorded,No medications recorded,No known allergies recorded,Annual wellness visit,2027-01-31,Running,Prepare a travel medication summary,synthetic_handcrafted
DEMO-0032,Rowan Demo 0032,2002-11-11,Hypertension,Lisinopril,Sulfonamide antibiotics,Blood pressure follow-up,2027-02-16,Swimming,Prepare a travel medication summary,synthetic_handcrafted
DEMO-0033,Jamie Demo 0033,1978-06-27,Asthma,Albuterol inhaler,Penicillin,Asthma care review,2026-12-01,Swimming,Prepare a brief for a new doctor,synthetic_handcrafted
DEMO-0034,Parker Demo 0034,2002-06-19,Type 2 diabetes,Metformin,Penicillin,Diabetes follow-up,2027-01-24,Running,Prepare a brief for a new doctor,synthetic_handcrafted
DEMO-0035,Jamie Demo 0035,2003-09-25,Hypothyroidism,Levothyroxine,No known allergies recorded,Thyroid care follow-up,2027-03-12,Running,Set a daily check-in preference,synthetic_handcrafted
DEMO-0036,Emerson Demo 0036,1984-10-13,No conditions recorded,No medications recorded,No known allergies recorded,Annual wellness visit,2026-10-16,Walking,Set a daily check-in preference,synthetic_handcrafted
DEMO-0037,Cameron Demo 0037,1987-01-10,Hypertension,Lisinopril,Peanuts,Blood pressure follow-up,2027-01-07,Running,Prepare a brief for a new doctor,synthetic_handcrafted
DEMO-0038,Jamie Demo 0038,1990-01-26,Asthma,Albuterol inhaler,Peanuts,Asthma care review,2026-11-20,Cycling,Set a daily check-in preference,synthetic_handcrafted
DEMO-0039,Casey Demo 0039,1999-06-15,Type 2 diabetes,Metformin,Sulfonamide antibiotics,Diabetes follow-up,2026-11-02,Running,Prepare a travel medication summary,synthetic_handcrafted
DEMO-0040,Reese Demo 0040,1985-01-16,Hypothyroidism,Levothyroxine,No known allergies recorded,Thyroid care follow-up,2026-11-03,Swimming,Prepare a travel medication summary,synthetic_handcrafted
DEMO-0041,Casey Demo 0041,1987-05-21,No conditions recorded,No medications recorded,Latex,Annual wellness visit,2027-01-23,Cycling,Set a daily check-in preference,synthetic_handcrafted
DEMO-0042,Skyler Demo 0042,1984-09-23,Hypertension,Lisinopril,Sulfonamide antibiotics,Blood pressure follow-up,2026-10-15,Swimming,Prepare a travel medication summary,synthetic_handcrafted
DEMO-0043,Robin Demo 0043,1981-04-09,Asthma,Albuterol inhaler,Sulfonamide antibiotics,Asthma care review,2026-11-20,Running,Prepare a brief for a new doctor,synthetic_handcrafted
DEMO-0044,Rowan Demo 0044,1985-04-28,Type 2 diabetes,Metformin,No known allergies recorded,Diabetes follow-up,2026-11-12,Swimming,Set a daily check-in preference,synthetic_handcrafted
DEMO-0045,Jamie Demo 0045,1995-10-15,Hypothyroidism,Levothyroxine,Peanuts,Thyroid care follow-up,2027-03-01,Running,Prepare for a hackathon,synthetic_handcrafted
DEMO-0046,Emerson Demo 0046,1993-06-03,No conditions recorded,No medications recorded,No known allergies recorded,Annual wellness visit,2026-11-10,Walking,Set a daily check-in preference,synthetic_handcrafted
DEMO-0047,Dakota Demo 0047,2001-10-31,Hypertension,Lisinopril,Peanuts,Blood pressure follow-up,2027-02-11,Walking,Set a daily check-in preference,synthetic_handcrafted
DEMO-0048,Skyler Demo 0048,2002-05-28,Asthma,Albuterol inhaler,Penicillin,Asthma care review,2027-03-11,Swimming,Prepare for a hackathon,synthetic_handcrafted
DEMO-0049,Alex Demo 0049,1978-02-04,Type 2 diabetes,Metformin,Penicillin,Diabetes follow-up,2027-01-03,Walking,Prepare a travel medication summary,synthetic_handcrafted
DEMO-0050,Avery Demo 0050,1985-06-13,Hypothyroidism,Levothyroxine,Latex,Thyroid care follow-up,2027-02-05,Swimming,Prepare a travel medication summary,synthetic_handcrafted
DEMO-0051,Emerson Demo 0051,1989-07-03,No conditions recorded,No medications recorded,Sulfonamide antibiotics,Annual wellness visit,2026-12-17,Cycling,Prepare for a hackathon,synthetic_handcrafted
DEMO-0052,Emerson Demo 0052,1979-03-18,Hypertension,Lisinopril,Latex,Blood pressure follow-up,2027-01-26,Cycling,Prepare a travel medication summary,synthetic_handcrafted
DEMO-0053,Dakota Demo 0053,1988-06-16,Asthma,Albuterol inhaler,No known allergies recorded,Asthma care review,2027-02-05,Walking,Prepare a brief for a new doctor,synthetic_handcrafted
DEMO-0054,Sage Demo 0054,1984-08-30,Type 2 diabetes,Metformin,No known allergies recorded,Diabetes follow-up,2027-03-11,Cycling,Prepare for a hackathon,synthetic_handcrafted
DEMO-0055,Casey Demo 0055,1972-11-06,Hypothyroidism,Levothyroxine,Peanuts,Thyroid care follow-up,2026-11-07,Walking,Prepare a travel medication summary,synthetic_handcrafted
DEMO-0056,Cameron Demo 0056,1997-12-10,No conditions recorded,No medications recorded,Sulfonamide antibiotics,Annual wellness visit,2026-12-17,Swimming,Prepare a brief for a new doctor,synthetic_handcrafted
DEMO-0057,Sage Demo 0057,1985-03-09,Hypertension,Lisinopril,Sulfonamide antibiotics,Blood pressure follow-up,2026-11-08,Walking,Prepare a travel medication summary,synthetic_handcrafted
DEMO-0058,Taylor Demo 0058,2007-09-13,Asthma,Albuterol inhaler,Latex,Asthma care review,2027-01-30,Cycling,Set a daily check-in preference,synthetic_handcrafted
DEMO-0059,Drew Demo 0059,1992-05-08,Type 2 diabetes,Metformin,Peanuts,Diabetes follow-up,2027-03-22,Walking,Prepare for a hackathon,synthetic_handcrafted
DEMO-0060,Reese Demo 0060,1978-10-27,Hypothyroidism,Levothyroxine,Sulfonamide antibiotics,Thyroid care follow-up,2027-03-24,Swimming,Prepare for a hackathon,synthetic_handcrafted
DEMO-0061,Parker Demo 0061,1989-09-09,No conditions recorded,No medications recorded,Peanuts,Annual wellness visit,2027-03-23,Running,Prepare a travel medication summary,synthetic_handcrafted
DEMO-0062,Skyler Demo 0062,2004-05-19,Hypertension,Lisinopril,Latex,Blood pressure follow-up,2026-12-19,Running,Prepare for a hackathon,synthetic_handcrafted
DEMO-0063,Taylor Demo 0063,1996-12-26,Asthma,Albuterol inhaler,Peanuts,Asthma care review,2027-02-02,Cycling,Set a daily check-in preference,synthetic_handcrafted
DEMO-0064,Taylor Demo 0064,1985-07-22,Type 2 diabetes,Metformin,Peanuts,Diabetes follow-up,2026-12-07,Walking,Prepare a brief for a new doctor,synthetic_handcrafted
DEMO-0065,Jordan Demo 0065,1973-08-31,Hypothyroidism,Levothyroxine,Sulfonamide antibiotics,Thyroid care follow-up,2027-03-30,Running,Prepare for a hackathon,synthetic_handcrafted
DEMO-0066,Casey Demo 0066,1996-02-29,No conditions recorded,No medications recorded,No known allergies recorded,Annual wellness visit,2027-03-01,Running,Prepare a travel medication summary,synthetic_handcrafted
DEMO-0067,Jamie Demo 0067,1997-07-13,Hypertension,Lisinopril,Latex,Blood pressure follow-up,2026-10-12,Cycling,Set a daily check-in preference,synthetic_handcrafted
DEMO-0068,Finley Demo 0068,1991-04-19,Asthma,Albuterol inhaler,Peanuts,Asthma care review,2026-10-13,Walking,Prepare a travel medication summary,synthetic_handcrafted
DEMO-0069,Drew Demo 0069,2002-03-28,Type 2 diabetes,Metformin,Latex,Diabetes follow-up,2026-12-15,Swimming,Prepare a travel medication summary,synthetic_handcrafted
DEMO-0070,Alex Demo 0070,2003-01-04,Hypothyroidism,Levothyroxine,Penicillin,Thyroid care follow-up,2027-01-27,Running,Prepare for a hackathon,synthetic_handcrafted
DEMO-0071,Casey Demo 0071,1983-04-28,No conditions recorded,No medications recorded,Peanuts,Annual wellness visit,2027-02-05,Walking,Set a daily check-in preference,synthetic_handcrafted
DEMO-0072,Avery Demo 0072,2006-12-11,Hypertension,Lisinopril,Peanuts,Blood pressure follow-up,2026-11-10,Walking,Prepare a travel medication summary,synthetic_handcrafted
DEMO-0073,Cameron Demo 0073,1996-09-17,Asthma,Albuterol inhaler,Latex,Asthma care review,2026-11-24,Walking,Set a daily check-in preference,synthetic_handcrafted
DEMO-0074,Taylor Demo 0074,1991-04-09,Type 2 diabetes,Metformin,Latex,Diabetes follow-up,2027-01-30,Running,Set a daily check-in preference,synthetic_handcrafted
DEMO-0075,Casey Demo 0075,2004-07-28,Hypothyroidism,Levothyroxine,No known allergies recorded,Thyroid care follow-up,2027-02-04,Walking,Prepare a brief for a new doctor,synthetic_handcrafted
DEMO-0076,Jamie Demo 0076,1973-03-06,No conditions recorded,No medications recorded,No known allergies recorded,Annual wellness visit,2026-11-30,Running,Prepare a travel medication summary,synthetic_handcrafted
DEMO-0077,Finley Demo 0077,1995-06-28,Hypertension,Lisinopril,Latex,Blood pressure follow-up,2027-01-15,Walking,Prepare for a hackathon,synthetic_handcrafted
DEMO-0078,Rowan Demo 0078,1990-04-04,Asthma,Albuterol inhaler,Sulfonamide antibiotics,Asthma care review,2027-03-15,Walking,Set a daily check-in preference,synthetic_handcrafted
DEMO-0079,Emerson Demo 0079,1995-08-03,Type 2 diabetes,Metformin,No known allergies recorded,Diabetes follow-up,2027-01-14,Walking,Prepare for a hackathon,synthetic_handcrafted
DEMO-0080,Taylor Demo 0080,1992-10-02,Hypothyroidism,Levothyroxine,Latex,Thyroid care follow-up,2026-12-11,Cycling,Prepare a brief for a new doctor,synthetic_handcrafted
DEMO-0081,Robin Demo 0081,1972-11-16,No conditions recorded,No medications recorded,Latex,Annual wellness visit,2027-03-01,Walking,Prepare a travel medication summary,synthetic_handcrafted
DEMO-0082,Emerson Demo 0082,1989-11-17,Hypertension,Lisinopril,Peanuts,Blood pressure follow-up,2027-01-25,Walking,Prepare for a hackathon,synthetic_handcrafted
DEMO-0083,Cameron Demo 0083,1975-03-14,Asthma,Albuterol inhaler,Sulfonamide antibiotics,Asthma care review,2026-10-31,Cycling,Set a daily check-in preference,synthetic_handcrafted
DEMO-0084,Avery Demo 0084,2007-01-11,Type 2 diabetes,Metformin,Penicillin,Diabetes follow-up,2026-11-15,Walking,Prepare a travel medication summary,synthetic_handcrafted
DEMO-0085,Emerson Demo 0085,1976-11-05,Hypothyroidism,Levothyroxine,No known allergies recorded,Thyroid care follow-up,2026-11-15,Walking,Prepare a travel medication summary,synthetic_handcrafted
DEMO-0086,Parker Demo 0086,2007-10-24,No conditions recorded,No medications recorded,Penicillin,Annual wellness visit,2026-11-06,Walking,Prepare a travel medication summary,synthetic_handcrafted
DEMO-0087,Robin Demo 0087,1993-05-07,Hypertension,Lisinopril,No known allergies recorded,Blood pressure follow-up,2027-03-08,Swimming,Prepare a brief for a new doctor,synthetic_handcrafted
DEMO-0088,Finley Demo 0088,1988-06-29,Asthma,Albuterol inhaler,No known allergies recorded,Asthma care review,2026-10-22,Walking,Prepare a travel medication summary,synthetic_handcrafted
DEMO-0089,Sage Demo 0089,1982-07-05,Type 2 diabetes,Metformin,Sulfonamide antibiotics,Diabetes follow-up,2027-02-18,Swimming,Prepare for a hackathon,synthetic_handcrafted
DEMO-0090,Finley Demo 0090,1983-06-11,Hypothyroidism,Levothyroxine,Sulfonamide antibiotics,Thyroid care follow-up,2027-02-24,Running,Prepare a brief for a new doctor,synthetic_handcrafted
DEMO-0091,Taylor Demo 0091,1975-05-01,No conditions recorded,No medications recorded,Peanuts,Annual wellness visit,2027-03-01,Cycling,Prepare a brief for a new doctor,synthetic_handcrafted
DEMO-0092,Robin Demo 0092,1991-03-06,Hypertension,Lisinopril,Peanuts,Blood pressure follow-up,2026-12-08,Cycling,Prepare for a hackathon,synthetic_handcrafted
DEMO-0093,Cameron Demo 0093,1978-09-03,Asthma,Albuterol inhaler,Penicillin,Asthma care review,2027-02-26,Swimming,Prepare a brief for a new doctor,synthetic_handcrafted
DEMO-0094,Finley Demo 0094,1985-06-21,Type 2 diabetes,Metformin,Latex,Diabetes follow-up,2027-02-23,Cycling,Prepare for a hackathon,synthetic_handcrafted
DEMO-0095,Skyler Demo 0095,1970-06-09,Hypothyroidism,Levothyroxine,Peanuts,Thyroid care follow-up,2027-01-07,Walking,Prepare a brief for a new doctor,synthetic_handcrafted
DEMO-0096,Drew Demo 0096,2006-11-03,No conditions recorded,No medications recorded,Latex,Annual wellness visit,2027-01-04,Swimming,Prepare a travel medication summary,synthetic_handcrafted
DEMO-0097,Rowan Demo 0097,1994-08-23,Hypertension,Lisinopril,Sulfonamide antibiotics,Blood pressure follow-up,2026-11-10,Cycling,Prepare for a hackathon,synthetic_handcrafted
DEMO-0098,Reese Demo 0098,1990-04-25,Asthma,Albuterol inhaler,Penicillin,Asthma care review,2027-02-27,Walking,Set a daily check-in preference,synthetic_handcrafted
DEMO-0099,Casey Demo 0099,1982-05-05,Type 2 diabetes,Metformin,Sulfonamide antibiotics,Diabetes follow-up,2026-11-23,Walking,Prepare for a hackathon,synthetic_handcrafted
DEMO-0100,Alex Demo 0100,1972-03-01,Hypothyroidism,Levothyroxine,Penicillin,Thyroid care follow-up,2027-02-18,Running,Set a daily check-in preference,synthetic_handcrafted
DEMO-0101,Sage Demo 0101,1999-03-11,No conditions recorded,No medications recorded,Peanuts,Annual wellness visit,2027-01-25,Walking,Prepare a brief for a new doctor,synthetic_handcrafted
DEMO-0102,Dakota Demo 0102,1988-10-20,Hypertension,Lisinopril,Sulfonamide antibiotics,Blood pressure follow-up,2026-11-22,Walking,Prepare for a hackathon,synthetic_handcrafted
DEMO-0103,Finley Demo 0103,1975-02-23,Asthma,Albuterol inhaler,Latex,Asthma care review,2027-02-18,Running,Set a daily check-in preference,synthetic_handcrafted
DEMO-0104,Casey Demo 0104,1989-03-14,Type 2 diabetes,Metformin,Latex,Diabetes follow-up,2026-10-28,Running,Prepare a brief for a new doctor,synthetic_handcrafted
DEMO-0105,Jamie Demo 0105,1970-10-26,Hypothyroidism,Levothyroxine,Sulfonamide antibiotics,Thyroid care follow-up,2027-03-23,Cycling,Prepare a brief for a new doctor,synthetic_handcrafted
DEMO-0106,Taylor Demo 0106,2002-06-13,No conditions recorded,No medications recorded,No known allergies recorded,Annual wellness visit,2027-02-02,Swimming,Set a daily check-in preference,synthetic_handcrafted
DEMO-0107,Jamie Demo 0107,2003-09-07,Hypertension,Lisinopril,Sulfonamide antibiotics,Blood pressure follow-up,2027-03-17,Walking,Prepare for a hackathon,synthetic_handcrafted
DEMO-0108,Reese Demo 0108,1979-05-08,Asthma,Albuterol inhaler,Sulfonamide antibiotics,Asthma care review,2027-03-12,Running,Prepare for a hackathon,synthetic_handcrafted
DEMO-0109,Quinn Demo 0109,1992-10-27,Type 2 diabetes,Metformin,Latex,Diabetes follow-up,2027-02-11,Running,Prepare a travel medication summary,synthetic_handcrafted
DEMO-0110,Cameron Demo 0110,1989-11-06,Hypothyroidism,Levothyroxine,Penicillin,Thyroid care follow-up,2027-03-05,Walking,Prepare a travel medication summary,synthetic_handcrafted
DEMO-0111,Reese Demo 0111,1992-03-20,No conditions recorded,No medications recorded,Latex,Annual wellness visit,2027-02-20,Walking,Prepare a brief for a new doctor,synthetic_handcrafted
DEMO-0112,Cameron Demo 0112,2003-11-29,Hypertension,Lisinopril,Peanuts,Blood pressure follow-up,2027-02-04,Cycling,Prepare for a hackathon,synthetic_handcrafted
DEMO-0113,Alex Demo 0113,2005-03-04,Asthma,Albuterol inhaler,No known allergies recorded,Asthma care review,2026-10-18,Cycling,Set a daily check-in preference,synthetic_handcrafted
DEMO-0114,Skyler Demo 0114,2007-06-17,Type 2 diabetes,Metformin,Sulfonamide antibiotics,Diabetes follow-up,2026-11-22,Running,Set a daily check-in preference,synthetic_handcrafted
DEMO-0115,Morgan Demo 0115,1975-10-02,Hypothyroidism,Levothyroxine,No known allergies recorded,Thyroid care follow-up,2026-12-19,Walking,Prepare a travel medication summary,synthetic_handcrafted
DEMO-0116,Taylor Demo 0116,1974-01-18,No conditions recorded,No medications recorded,Penicillin,Annual wellness visit,2027-01-13,Cycling,Prepare a travel medication summary,synthetic_handcrafted
DEMO-0117,Morgan Demo 0117,1970-07-16,Hypertension,Lisinopril,Sulfonamide antibiotics,Blood pressure follow-up,2027-01-11,Running,Set a daily check-in preference,synthetic_handcrafted
DEMO-0118,Casey Demo 0118,1988-11-25,Asthma,Albuterol inhaler,No known allergies recorded,Asthma care review,2026-10-15,Cycling,Set a daily check-in preference,synthetic_handcrafted
DEMO-0119,Alex Demo 0119,2006-11-18,Type 2 diabetes,Metformin,Latex,Diabetes follow-up,2027-03-25,Cycling,Prepare a travel medication summary,synthetic_handcrafted
DEMO-0120,Cameron Demo 0120,1992-06-13,Hypothyroidism,Levothyroxine,Sulfonamide antibiotics,Thyroid care follow-up,2026-11-05,Walking,Prepare a travel medication summary,synthetic_handcrafted
DEMO-0121,Morgan Demo 0121,1975-04-25,No conditions recorded,No medications recorded,No known allergies recorded,Annual wellness visit,2027-03-16,Swimming,Prepare for a hackathon,synthetic_handcrafted
DEMO-0122,Dakota Demo 0122,1980-12-11,Hypertension,Lisinopril,No known allergies recorded,Blood pressure follow-up,2027-02-14,Swimming,Set a daily check-in preference,synthetic_handcrafted
DEMO-0123,Riley Demo 0123,1995-08-15,Asthma,Albuterol inhaler,Peanuts,Asthma care review,2026-11-09,Walking,Prepare a travel medication summary,synthetic_handcrafted
DEMO-0124,Sage Demo 0124,1970-11-16,Type 2 diabetes,Metformin,Peanuts,Diabetes follow-up,2026-12-16,Walking,Prepare a brief for a new doctor,synthetic_handcrafted
DEMO-0125,Dakota Demo 0125,2003-09-22,Hypothyroidism,Levothyroxine,Sulfonamide antibiotics,Thyroid care follow-up,2027-03-25,Running,Set a daily check-in preference,synthetic_handcrafted
DEMO-0126,Skyler Demo 0126,2004-04-16,No conditions recorded,No medications recorded,No known allergies recorded,Annual wellness visit,2026-10-17,Swimming,Prepare a travel medication summary,synthetic_handcrafted
DEMO-0127,Quinn Demo 0127,1977-07-13,Hypertension,Lisinopril,Latex,Blood pressure follow-up,2027-01-21,Cycling,Set a daily check-in preference,synthetic_handcrafted
DEMO-0128,Rowan Demo 0128,2003-07-29,Asthma,Albuterol inhaler,Peanuts,Asthma care review,2026-11-16,Running,Set a daily check-in preference,synthetic_handcrafted
DEMO-0129,Avery Demo 0129,1999-01-02,Type 2 diabetes,Metformin,Sulfonamide antibiotics,Diabetes follow-up,2026-10-21,Swimming,Set a daily check-in preference,synthetic_handcrafted
DEMO-0130,Quinn Demo 0130,1995-09-26,Hypothyroidism,Levothyroxine,Penicillin,Thyroid care follow-up,2027-03-18,Cycling,Prepare a brief for a new doctor,synthetic_handcrafted
DEMO-0131,Sage Demo 0131,1993-04-29,No conditions recorded,No medications recorded,Latex,Annual wellness visit,2027-02-25,Running,Prepare for a hackathon,synthetic_handcrafted
DEMO-0132,Jamie Demo 0132,1971-02-08,Hypertension,Lisinopril,Sulfonamide antibiotics,Blood pressure follow-up,2027-03-16,Running,Prepare a travel medication summary,synthetic_handcrafted
DEMO-0133,Jamie Demo 0133,1975-01-30,Asthma,Albuterol inhaler,Sulfonamide antibiotics,Asthma care review,2027-02-18,Cycling,Prepare a travel medication summary,synthetic_handcrafted
DEMO-0134,Morgan Demo 0134,2004-05-12,Type 2 diabetes,Metformin,Latex,Diabetes follow-up,2026-10-25,Running,Prepare a travel medication summary,synthetic_handcrafted
DEMO-0135,Alex Demo 0135,1976-04-29,Hypothyroidism,Levothyroxine,Sulfonamide antibiotics,Thyroid care follow-up,2027-01-13,Running,Set a daily check-in preference,synthetic_handcrafted
DEMO-0136,Finley Demo 0136,1988-11-05,No conditions recorded,No medications recorded,Latex,Annual wellness visit,2027-02-14,Walking,Set a daily check-in preference,synthetic_handcrafted
DEMO-0137,Quinn Demo 0137,1971-04-07,Hypertension,Lisinopril,Sulfonamide antibiotics,Blood pressure follow-up,2026-11-04,Swimming,Prepare a travel medication summary,synthetic_handcrafted
DEMO-0138,Taylor Demo 0138,1976-11-14,Asthma,Albuterol inhaler,Penicillin,Asthma care review,2026-11-18,Swimming,Prepare a travel medication summary,synthetic_handcrafted
DEMO-0139,Drew Demo 0139,1978-08-10,Type 2 diabetes,Metformin,Peanuts,Diabetes follow-up,2027-01-28,Walking,Prepare a travel medication summary,synthetic_handcrafted
DEMO-0140,Cameron Demo 0140,1972-08-11,Hypothyroidism,Levothyroxine,Penicillin,Thyroid care follow-up,2026-12-28,Cycling,Set a daily check-in preference,synthetic_handcrafted
DEMO-0141,Cameron Demo 0141,1998-11-16,No conditions recorded,No medications recorded,No known allergies recorded,Annual wellness visit,2027-03-01,Running,Set a daily check-in preference,synthetic_handcrafted
DEMO-0142,Parker Demo 0142,1976-05-13,Hypertension,Lisinopril,Peanuts,Blood pressure follow-up,2026-12-04,Walking,Set a daily check-in preference,synthetic_handcrafted
DEMO-0143,Quinn Demo 0143,2002-02-15,Asthma,Albuterol inhaler,Peanuts,Asthma care review,2026-12-28,Cycling,Prepare a brief for a new doctor,synthetic_handcrafted
DEMO-0144,Robin Demo 0144,1974-06-05,Type 2 diabetes,Metformin,Peanuts,Diabetes follow-up,2026-12-12,Walking,Set a daily check-in preference,synthetic_handcrafted
DEMO-0145,Parker Demo 0145,1999-03-13,Hypothyroidism,Levothyroxine,Penicillin,Thyroid care follow-up,2027-02-17,Cycling,Set a daily check-in preference,synthetic_handcrafted
DEMO-0146,Jamie Demo 0146,1987-03-11,No conditions recorded,No medications recorded,Latex,Annual wellness visit,2026-11-05,Swimming,Prepare for a hackathon,synthetic_handcrafted
DEMO-0147,Rowan Demo 0147,2003-09-04,Hypertension,Lisinopril,No known allergies recorded,Blood pressure follow-up,2027-01-19,Walking,Set a daily check-in preference,synthetic_handcrafted
DEMO-0148,Reese Demo 0148,1979-09-11,Asthma,Albuterol inhaler,Peanuts,Asthma care review,2026-12-03,Walking,Prepare a travel medication summary,synthetic_handcrafted
DEMO-0149,Parker Demo 0149,1972-02-04,Type 2 diabetes,Metformin,Sulfonamide antibiotics,Diabetes follow-up,2027-03-12,Walking,Set a daily check-in preference,synthetic_handcrafted
DEMO-0150,Robin Demo 0150,1985-10-19,Hypothyroidism,Levothyroxine,Peanuts,Thyroid care follow-up,2027-01-03,Walking,Prepare a travel medication summary,synthetic_handcrafted
DEMO-0151,Rowan Demo 0151,1992-06-05,No conditions recorded,No medications recorded,Penicillin,Annual wellness visit,2027-01-09,Swimming,Prepare a brief for a new doctor,synthetic_handcrafted
DEMO-0152,Cameron Demo 0152,1995-09-07,Hypertension,Lisinopril,Penicillin,Blood pressure follow-up,2026-10-30,Cycling,Set a daily check-in preference,synthetic_handcrafted
DEMO-0153,Finley Demo 0153,1990-09-17,Asthma,Albuterol inhaler,Peanuts,Asthma care review,2027-02-23,Walking,Prepare a brief for a new doctor,synthetic_handcrafted
DEMO-0154,Finley Demo 0154,2001-11-08,Type 2 diabetes,Metformin,Peanuts,Diabetes follow-up,2027-01-25,Cycling,Prepare a brief for a new doctor,synthetic_handcrafted
DEMO-0155,Quinn Demo 0155,1972-08-15,Hypothyroidism,Levothyroxine,Sulfonamide antibiotics,Thyroid care follow-up,2027-01-13,Cycling,Prepare a travel medication summary,synthetic_handcrafted
DEMO-0156,Skyler Demo 0156,2000-11-14,No conditions recorded,No medications recorded,Latex,Annual wellness visit,2027-02-19,Swimming,Prepare for a hackathon,synthetic_handcrafted
DEMO-0157,Riley Demo 0157,2003-06-27,Hypertension,Lisinopril,Penicillin,Blood pressure follow-up,2026-11-17,Swimming,Prepare a brief for a new doctor,synthetic_handcrafted
DEMO-0158,Sage Demo 0158,1990-10-17,Asthma,Albuterol inhaler,No known allergies recorded,Asthma care review,2026-12-30,Swimming,Prepare for a hackathon,synthetic_handcrafted
DEMO-0159,Rowan Demo 0159,1997-09-09,Type 2 diabetes,Metformin,Penicillin,Diabetes follow-up,2027-01-03,Walking,Prepare a travel medication summary,synthetic_handcrafted
DEMO-0160,Robin Demo 0160,1985-11-03,Hypothyroidism,Levothyroxine,No known allergies recorded,Thyroid care follow-up,2026-10-26,Cycling,Prepare a travel medication summary,synthetic_handcrafted
DEMO-0161,Avery Demo 0161,2002-02-18,No conditions recorded,No medications recorded,No known allergies recorded,Annual wellness visit,2026-10-13,Cycling,Prepare for a hackathon,synthetic_handcrafted
DEMO-0162,Jordan Demo 0162,1975-06-17,Hypertension,Lisinopril,Latex,Blood pressure follow-up,2026-12-22,Running,Prepare a travel medication summary,synthetic_handcrafted
DEMO-0163,Robin Demo 0163,1973-07-27,Asthma,Albuterol inhaler,Latex,Asthma care review,2027-01-17,Running,Prepare for a hackathon,synthetic_handcrafted
DEMO-0164,Emerson Demo 0164,1991-03-20,Type 2 diabetes,Metformin,Penicillin,Diabetes follow-up,2026-12-17,Walking,Prepare a travel medication summary,synthetic_handcrafted
DEMO-0165,Avery Demo 0165,1976-04-05,Hypothyroidism,Levothyroxine,Latex,Thyroid care follow-up,2026-10-30,Walking,Prepare a travel medication summary,synthetic_handcrafted
DEMO-0166,Skyler Demo 0166,1971-07-17,No conditions recorded,No medications recorded,Penicillin,Annual wellness visit,2027-02-19,Cycling,Prepare a travel medication summary,synthetic_handcrafted
DEMO-0167,Casey Demo 0167,2007-03-31,Hypertension,Lisinopril,Peanuts,Blood pressure follow-up,2027-01-01,Swimming,Set a daily check-in preference,synthetic_handcrafted
DEMO-0168,Robin Demo 0168,1977-04-21,Asthma,Albuterol inhaler,Latex,Asthma care review,2027-02-14,Running,Prepare a travel medication summary,synthetic_handcrafted
DEMO-0169,Morgan Demo 0169,2007-06-14,Type 2 diabetes,Metformin,Sulfonamide antibiotics,Diabetes follow-up,2026-11-23,Swimming,Prepare for a hackathon,synthetic_handcrafted
DEMO-0170,Parker Demo 0170,1976-09-08,Hypothyroidism,Levothyroxine,No known allergies recorded,Thyroid care follow-up,2027-03-20,Cycling,Set a daily check-in preference,synthetic_handcrafted
DEMO-0171,Alex Demo 0171,1975-12-11,No conditions recorded,No medications recorded,Peanuts,Annual wellness visit,2027-01-03,Cycling,Prepare a travel medication summary,synthetic_handcrafted
DEMO-0172,Emerson Demo 0172,1990-07-31,Hypertension,Lisinopril,No known allergies recorded,Blood pressure follow-up,2026-10-18,Swimming,Set a daily check-in preference,synthetic_handcrafted
DEMO-0173,Skyler Demo 0173,1991-09-21,Asthma,Albuterol inhaler,Peanuts,Asthma care review,2027-01-07,Cycling,Prepare a brief for a new doctor,synthetic_handcrafted
DEMO-0174,Reese Demo 0174,1993-09-12,Type 2 diabetes,Metformin,Latex,Diabetes follow-up,2027-03-29,Cycling,Prepare a travel medication summary,synthetic_handcrafted
DEMO-0175,Drew Demo 0175,2001-12-20,Hypothyroidism,Levothyroxine,No known allergies recorded,Thyroid care follow-up,2026-10-24,Running,Prepare a brief for a new doctor,synthetic_handcrafted
DEMO-0176,Avery Demo 0176,1983-08-10,No conditions recorded,No medications recorded,No known allergies recorded,Annual wellness visit,2026-12-15,Walking,Prepare for a hackathon,synthetic_handcrafted
DEMO-0177,Jamie Demo 0177,1975-01-14,Hypertension,Lisinopril,Peanuts,Blood pressure follow-up,2026-11-20,Running,Set a daily check-in preference,synthetic_handcrafted
DEMO-0178,Casey Demo 0178,1996-07-13,Asthma,Albuterol inhaler,Latex,Asthma care review,2027-02-01,Swimming,Prepare a brief for a new doctor,synthetic_handcrafted
DEMO-0179,Rowan Demo 0179,1976-08-24,Type 2 diabetes,Metformin,Sulfonamide antibiotics,Diabetes follow-up,2027-02-23,Walking,Prepare for a hackathon,synthetic_handcrafted
DEMO-0180,Casey Demo 0180,1987-10-19,Hypothyroidism,Levothyroxine,Sulfonamide antibiotics,Thyroid care follow-up,2026-10-30,Swimming,Prepare a travel medication summary,synthetic_handcrafted
DEMO-0181,Finley Demo 0181,1984-08-21,No conditions recorded,No medications recorded,Latex,Annual wellness visit,2026-10-22,Swimming,Prepare a brief for a new doctor,synthetic_handcrafted
DEMO-0182,Emerson Demo 0182,1992-04-21,Hypertension,Lisinopril,Penicillin,Blood pressure follow-up,2026-12-08,Running,Prepare a travel medication summary,synthetic_handcrafted
DEMO-0183,Sage Demo 0183,1980-08-06,Asthma,Albuterol inhaler,No known allergies recorded,Asthma care review,2027-03-09,Walking,Prepare a travel medication summary,synthetic_handcrafted
DEMO-0184,Robin Demo 0184,1998-01-03,Type 2 diabetes,Metformin,Sulfonamide antibiotics,Diabetes follow-up,2026-10-13,Swimming,Prepare a travel medication summary,synthetic_handcrafted
DEMO-0185,Jamie Demo 0185,1989-04-14,Hypothyroidism,Levothyroxine,No known allergies recorded,Thyroid care follow-up,2026-12-04,Swimming,Set a daily check-in preference,synthetic_handcrafted
DEMO-0186,Reese Demo 0186,2007-01-16,No conditions recorded,No medications recorded,Peanuts,Annual wellness visit,2027-02-26,Running,Set a daily check-in preference,synthetic_handcrafted
DEMO-0187,Riley Demo 0187,1993-10-22,Hypertension,Lisinopril,Sulfonamide antibiotics,Blood pressure follow-up,2026-10-18,Running,Prepare a brief for a new doctor,synthetic_handcrafted
DEMO-0188,Emerson Demo 0188,1999-08-20,Asthma,Albuterol inhaler,No known allergies recorded,Asthma care review,2026-12-25,Cycling,Prepare for a hackathon,synthetic_handcrafted
DEMO-0189,Morgan Demo 0189,2004-02-17,Type 2 diabetes,Metformin,Peanuts,Diabetes follow-up,2026-12-19,Running,Prepare for a hackathon,synthetic_handcrafted
DEMO-0190,Cameron Demo 0190,1974-03-20,Hypothyroidism,Levothyroxine,Peanuts,Thyroid care follow-up,2026-11-05,Swimming,Set a daily check-in preference,synthetic_handcrafted
DEMO-0191,Dakota Demo 0191,1991-12-05,No conditions recorded,No medications recorded,Sulfonamide antibiotics,Annual wellness visit,2026-11-29,Swimming,Prepare a brief for a new doctor,synthetic_handcrafted
DEMO-0192,Quinn Demo 0192,1974-05-06,Hypertension,Lisinopril,Latex,Blood pressure follow-up,2026-10-26,Cycling,Prepare for a hackathon,synthetic_handcrafted
DEMO-0193,Avery Demo 0193,2003-05-20,Asthma,Albuterol inhaler,No known allergies recorded,Asthma care review,2027-01-23,Running,Prepare for a hackathon,synthetic_handcrafted
DEMO-0194,Sage Demo 0194,1994-01-19,Type 2 diabetes,Metformin,No known allergies recorded,Diabetes follow-up,2026-10-18,Swimming,Prepare a travel medication summary,synthetic_handcrafted
DEMO-0195,Taylor Demo 0195,1980-02-05,Hypothyroidism,Levothyroxine,Latex,Thyroid care follow-up,2027-02-16,Running,Prepare a brief for a new doctor,synthetic_handcrafted
DEMO-0196,Reese Demo 0196,1998-08-30,No conditions recorded,No medications recorded,Latex,Annual wellness visit,2027-02-24,Walking,Prepare a brief for a new doctor,synthetic_handcrafted
DEMO-0197,Avery Demo 0197,1993-03-28,Hypertension,Lisinopril,Penicillin,Blood pressure follow-up,2026-10-18,Cycling,Set a daily check-in preference,synthetic_handcrafted
DEMO-0198,Finley Demo 0198,2004-04-03,Asthma,Albuterol inhaler,No known allergies recorded,Asthma care review,2026-12-22,Swimming,Prepare a brief for a new doctor,synthetic_handcrafted
DEMO-0199,Cameron Demo 0199,1992-04-10,Type 2 diabetes,Metformin,Penicillin,Diabetes follow-up,2027-03-12,Walking,Prepare a travel medication summary,synthetic_handcrafted
DEMO-0200,Casey Demo 0200,1973-06-08,Hypothyroidism,Levothyroxine,Latex,Thyroid care follow-up,2027-01-18,Cycling,Prepare a travel medication summary,synthetic_handcrafted
DEMO-0201,Casey Demo 0201,1981-05-25,No conditions recorded,No medications recorded,Penicillin,Annual wellness visit,2027-01-24,Running,Prepare a travel medication summary,synthetic_handcrafted
DEMO-0202,Avery Demo 0202,2000-07-11,Hypertension,Lisinopril,Penicillin,Blood pressure follow-up,2026-10-29,Running,Prepare for a hackathon,synthetic_handcrafted
DEMO-0203,Skyler Demo 0203,1995-10-02,Asthma,Albuterol inhaler,Peanuts,Asthma care review,2027-01-05,Running,Prepare a brief for a new doctor,synthetic_handcrafted
DEMO-0204,Robin Demo 0204,2002-08-05,Type 2 diabetes,Metformin,Penicillin,Diabetes follow-up,2026-10-29,Running,Prepare a brief for a new doctor,synthetic_handcrafted
DEMO-0205,Reese Demo 0205,1972-10-21,Hypothyroidism,Levothyroxine,Latex,Thyroid care follow-up,2027-01-13,Walking,Prepare a travel medication summary,synthetic_handcrafted
DEMO-0206,Rowan Demo 0206,1980-04-27,No conditions recorded,No medications recorded,Latex,Annual wellness visit,2027-01-10,Cycling,Set a daily check-in preference,synthetic_handcrafted
DEMO-0207,Reese Demo 0207,1993-08-12,Hypertension,Lisinopril,Peanuts,Blood pressure follow-up,2027-01-15,Swimming,Prepare a travel medication summary,synthetic_handcrafted
DEMO-0208,Quinn Demo 0208,1991-02-05,Asthma,Albuterol inhaler,Latex,Asthma care review,2027-03-24,Walking,Set a daily check-in preference,synthetic_handcrafted
DEMO-0209,Drew Demo 0209,2002-03-16,Type 2 diabetes,Metformin,Sulfonamide antibiotics,Diabetes follow-up,2027-02-07,Walking,Prepare for a hackathon,synthetic_handcrafted
DEMO-0210,Emerson Demo 0210,1985-08-19,Hypothyroidism,Levothyroxine,Sulfonamide antibiotics,Thyroid care follow-up,2026-12-04,Cycling,Prepare a brief for a new doctor,synthetic_handcrafted
DEMO-0211,Cameron Demo 0211,2004-05-15,No conditions recorded,No medications recorded,Sulfonamide antibiotics,Annual wellness visit,2027-03-12,Swimming,Prepare for a hackathon,synthetic_handcrafted
DEMO-0212,Drew Demo 0212,1971-07-06,Hypertension,Lisinopril,No known allergies recorded,Blood pressure follow-up,2027-01-30,Running,Prepare for a hackathon,synthetic_handcrafted
DEMO-0213,Jordan Demo 0213,1975-09-25,Asthma,Albuterol inhaler,No known allergies recorded,Asthma care review,2027-02-23,Cycling,Prepare for a hackathon,synthetic_handcrafted
DEMO-0214,Dakota Demo 0214,1989-09-18,Type 2 diabetes,Metformin,Latex,Diabetes follow-up,2027-01-05,Cycling,Prepare for a hackathon,synthetic_handcrafted
DEMO-0215,Finley Demo 0215,1988-06-14,Hypothyroidism,Levothyroxine,Penicillin,Thyroid care follow-up,2027-03-19,Walking,Prepare a travel medication summary,synthetic_handcrafted
DEMO-0216,Sage Demo 0216,1973-11-13,No conditions recorded,No medications recorded,Peanuts,Annual wellness visit,2027-03-14,Walking,Prepare for a hackathon,synthetic_handcrafted
DEMO-0217,Sage Demo 0217,1970-05-25,Hypertension,Lisinopril,Penicillin,Blood pressure follow-up,2026-12-16,Running,Prepare a brief for a new doctor,synthetic_handcrafted
DEMO-0218,Dakota Demo 0218,2002-01-05,Asthma,Albuterol inhaler,Penicillin,Asthma care review,2027-01-01,Cycling,Set a daily check-in preference,synthetic_handcrafted
DEMO-0219,Skyler Demo 0219,2000-02-25,Type 2 diabetes,Metformin,Sulfonamide antibiotics,Diabetes follow-up,2026-11-28,Cycling,Prepare for a hackathon,synthetic_handcrafted
DEMO-0220,Dakota Demo 0220,1978-08-03,Hypothyroidism,Levothyroxine,Peanuts,Thyroid care follow-up,2027-01-28,Walking,Prepare for a hackathon,synthetic_handcrafted
DEMO-0221,Jamie Demo 0221,2003-02-12,No conditions recorded,No medications recorded,Latex,Annual wellness visit,2026-11-19,Walking,Prepare for a hackathon,synthetic_handcrafted
DEMO-0222,Cameron Demo 0222,2001-10-04,Hypertension,Lisinopril,No known allergies recorded,Blood pressure follow-up,2027-03-31,Walking,Prepare for a hackathon,synthetic_handcrafted
DEMO-0223,Emerson Demo 0223,1994-04-25,Asthma,Albuterol inhaler,Sulfonamide antibiotics,Asthma care review,2026-12-30,Swimming,Set a daily check-in preference,synthetic_handcrafted
DEMO-0224,Casey Demo 0224,2000-02-20,Type 2 diabetes,Metformin,Latex,Diabetes follow-up,2027-02-18,Cycling,Prepare a travel medication summary,synthetic_handcrafted
DEMO-0225,Alex Demo 0225,1979-02-22,Hypothyroidism,Levothyroxine,Penicillin,Thyroid care follow-up,2026-11-29,Running,Prepare for a hackathon,synthetic_handcrafted
DEMO-0226,Morgan Demo 0226,1972-06-10,No conditions recorded,No medications recorded,Sulfonamide antibiotics,Annual wellness visit,2027-01-09,Swimming,Set a daily check-in preference,synthetic_handcrafted
DEMO-0227,Alex Demo 0227,1986-04-10,Hypertension,Lisinopril,Peanuts,Blood pressure follow-up,2027-02-21,Cycling,Prepare a brief for a new doctor,synthetic_handcrafted
DEMO-0228,Casey Demo 0228,1991-11-13,Asthma,Albuterol inhaler,Latex,Asthma care review,2027-01-05,Cycling,Prepare a brief for a new doctor,synthetic_handcrafted
DEMO-0229,Taylor Demo 0229,2000-04-08,Type 2 diabetes,Metformin,No known allergies recorded,Diabetes follow-up,2027-01-31,Cycling,Prepare a travel medication summary,synthetic_handcrafted
DEMO-0230,Riley Demo 0230,1972-02-01,Hypothyroidism,Levothyroxine,Latex,Thyroid care follow-up,2027-02-19,Walking,Prepare for a hackathon,synthetic_handcrafted
DEMO-0231,Skyler Demo 0231,1996-05-09,No conditions recorded,No medications recorded,Latex,Annual wellness visit,2027-03-14,Running,Prepare a travel medication summary,synthetic_handcrafted
DEMO-0232,Casey Demo 0232,2001-09-03,Hypertension,Lisinopril,Sulfonamide antibiotics,Blood pressure follow-up,2027-01-14,Running,Prepare a travel medication summary,synthetic_handcrafted
DEMO-0233,Dakota Demo 0233,1972-06-07,Asthma,Albuterol inhaler,Peanuts,Asthma care review,2027-02-01,Swimming,Set a daily check-in preference,synthetic_handcrafted
DEMO-0234,Sage Demo 0234,1982-11-15,Type 2 diabetes,Metformin,Peanuts,Diabetes follow-up,2026-12-23,Cycling,Prepare a travel medication summary,synthetic_handcrafted
DEMO-0235,Emerson Demo 0235,1976-04-23,Hypothyroidism,Levothyroxine,Penicillin,Thyroid care follow-up,2026-11-25,Walking,Prepare a brief for a new doctor,synthetic_handcrafted
DEMO-0236,Reese Demo 0236,2007-12-14,No conditions recorded,No medications recorded,No known allergies recorded,Annual wellness visit,2026-10-27,Cycling,Prepare a brief for a new doctor,synthetic_handcrafted
DEMO-0237,Casey Demo 0237,1983-05-23,Hypertension,Lisinopril,Peanuts,Blood pressure follow-up,2027-03-16,Cycling,Prepare a travel medication summary,synthetic_handcrafted
DEMO-0238,Morgan Demo 0238,2004-07-05,Asthma,Albuterol inhaler,No known allergies recorded,Asthma care review,2026-10-27,Running,Prepare a travel medication summary,synthetic_handcrafted
DEMO-0239,Taylor Demo 0239,1995-05-16,Type 2 diabetes,Metformin,Latex,Diabetes follow-up,2027-01-24,Walking,Prepare for a hackathon,synthetic_handcrafted
DEMO-0240,Jamie Demo 0240,2000-04-30,Hypothyroidism,Levothyroxine,Peanuts,Thyroid care follow-up,2027-02-26,Swimming,Prepare for a hackathon,synthetic_handcrafted
DEMO-0241,Jordan Demo 0241,1991-08-28,No conditions recorded,No medications recorded,No known allergies recorded,Annual wellness visit,2026-12-25,Cycling,Prepare a travel medication summary,synthetic_handcrafted
DEMO-0242,Robin Demo 0242,1993-04-12,Hypertension,Lisinopril,No known allergies recorded,Blood pressure follow-up,2026-12-20,Walking,Set a daily check-in preference,synthetic_handcrafted
DEMO-0243,Parker Demo 0243,1971-05-07,Asthma,Albuterol inhaler,Sulfonamide antibiotics,Asthma care review,2026-12-27,Cycling,Prepare a travel medication summary,synthetic_handcrafted
DEMO-0244,Morgan Demo 0244,1985-07-19,Type 2 diabetes,Metformin,Peanuts,Diabetes follow-up,2026-12-27,Running,Prepare a brief for a new doctor,synthetic_handcrafted
DEMO-0245,Sage Demo 0245,2005-07-30,Hypothyroidism,Levothyroxine,Peanuts,Thyroid care follow-up,2027-03-05,Walking,Prepare a brief for a new doctor,synthetic_handcrafted
DEMO-0246,Morgan Demo 0246,1973-03-25,No conditions recorded,No medications recorded,Sulfonamide antibiotics,Annual wellness visit,2026-11-22,Walking,Prepare for a hackathon,synthetic_handcrafted
DEMO-0247,Riley Demo 0247,1990-10-22,Hypertension,Lisinopril,Sulfonamide antibiotics,Blood pressure follow-up,2027-02-19,Walking,Set a daily check-in preference,synthetic_handcrafted
DEMO-0248,Emerson Demo 0248,1992-10-13,Asthma,Albuterol inhaler,Latex,Asthma care review,2026-10-30,Walking,Prepare for a hackathon,synthetic_handcrafted
DEMO-0249,Morgan Demo 0249,2001-03-08,Type 2 diabetes,Metformin,Penicillin,Diabetes follow-up,2026-12-05,Swimming,Prepare for a hackathon,synthetic_handcrafted
DEMO-0250,Reese Demo 0250,2006-08-23,Hypothyroidism,Levothyroxine,Sulfonamide antibiotics,Thyroid care follow-up,2027-03-30,Cycling,Prepare for a hackathon,synthetic_handcrafted
DEMO-0251,Riley Demo 0251,1991-03-08,No conditions recorded,No medications recorded,Penicillin,Annual wellness visit,2027-01-17,Cycling,Prepare a brief for a new doctor,synthetic_handcrafted
DEMO-0252,Alex Demo 0252,1974-07-20,Hypertension,Lisinopril,Sulfonamide antibiotics,Blood pressure follow-up,2026-11-25,Walking,Prepare for a hackathon,synthetic_handcrafted
DEMO-0253,Sage Demo 0253,2003-07-19,Asthma,Albuterol inhaler,Sulfonamide antibiotics,Asthma care review,2027-01-28,Running,Prepare a travel medication summary,synthetic_handcrafted
DEMO-0254,Dakota Demo 0254,2006-05-20,Type 2 diabetes,Metformin,No known allergies recorded,Diabetes follow-up,2027-01-18,Cycling,Prepare a travel medication summary,synthetic_handcrafted
DEMO-0255,Riley Demo 0255,1996-07-14,Hypothyroidism,Levothyroxine,No known allergies recorded,Thyroid care follow-up,2027-02-14,Swimming,Set a daily check-in preference,synthetic_handcrafted
DEMO-0256,Avery Demo 0256,1980-04-04,No conditions recorded,No medications recorded,Peanuts,Annual wellness visit,2027-02-15,Running,Prepare a brief for a new doctor,synthetic_handcrafted
DEMO-0257,Casey Demo 0257,1984-11-26,Hypertension,Lisinopril,Latex,Blood pressure follow-up,2027-03-18,Swimming,Prepare a travel medication summary,synthetic_handcrafted
DEMO-0258,Jordan Demo 0258,2005-02-25,Asthma,Albuterol inhaler,Peanuts,Asthma care review,2026-12-26,Running,Prepare a travel medication summary,synthetic_handcrafted
DEMO-0259,Riley Demo 0259,1980-08-06,Type 2 diabetes,Metformin,Peanuts,Diabetes follow-up,2027-01-01,Walking,Prepare a travel medication summary,synthetic_handcrafted
DEMO-0260,Parker Demo 0260,1986-09-28,Hypothyroidism,Levothyroxine,Latex,Thyroid care follow-up,2026-11-02,Walking,Prepare for a hackathon,synthetic_handcrafted
DEMO-0261,Drew Demo 0261,1970-12-27,No conditions recorded,No medications recorded,Sulfonamide antibiotics,Annual wellness visit,2026-11-03,Cycling,Set a daily check-in preference,synthetic_handcrafted
DEMO-0262,Emerson Demo 0262,1980-09-12,Hypertension,Lisinopril,Sulfonamide antibiotics,Blood pressure follow-up,2027-04-02,Swimming,Set a daily check-in preference,synthetic_handcrafted
DEMO-0263,Taylor Demo 0263,1980-09-29,Asthma,Albuterol inhaler,Latex,Asthma care review,2027-03-30,Walking,Prepare a brief for a new doctor,synthetic_handcrafted
DEMO-0264,Emerson Demo 0264,1977-05-01,Type 2 diabetes,Metformin,Latex,Diabetes follow-up,2026-12-19,Walking,Prepare for a hackathon,synthetic_handcrafted
DEMO-0265,Cameron Demo 0265,1983-05-31,Hypothyroidism,Levothyroxine,Sulfonamide antibiotics,Thyroid care follow-up,2026-12-30,Walking,Prepare for a hackathon,synthetic_handcrafted
DEMO-0266,Drew Demo 0266,1987-01-13,No conditions recorded,No medications recorded,Peanuts,Annual wellness visit,2027-02-24,Swimming,Prepare a brief for a new doctor,synthetic_handcrafted
DEMO-0267,Skyler Demo 0267,1988-09-10,Hypertension,Lisinopril,No known allergies recorded,Blood pressure follow-up,2027-02-06,Cycling,Prepare a travel medication summary,synthetic_handcrafted
DEMO-0268,Finley Demo 0268,1995-08-02,Asthma,Albuterol inhaler,Latex,Asthma care review,2027-02-01,Swimming,Prepare for a hackathon,synthetic_handcrafted
DEMO-0269,Taylor Demo 0269,1970-12-04,Type 2 diabetes,Metformin,Latex,Diabetes follow-up,2026-11-25,Cycling,Prepare a brief for a new doctor,synthetic_handcrafted
DEMO-0270,Skyler Demo 0270,2007-01-08,Hypothyroidism,Levothyroxine,No known allergies recorded,Thyroid care follow-up,2026-10-11,Running,Prepare for a hackathon,synthetic_handcrafted
DEMO-0271,Cameron Demo 0271,1993-08-17,No conditions recorded,No medications recorded,Latex,Annual wellness visit,2026-11-15,Walking,Prepare a travel medication summary,synthetic_handcrafted
DEMO-0272,Morgan Demo 0272,1991-02-26,Hypertension,Lisinopril,Latex,Blood pressure follow-up,2026-10-19,Cycling,Prepare a travel medication summary,synthetic_handcrafted
DEMO-0273,Skyler Demo 0273,1983-07-01,Asthma,Albuterol inhaler,Sulfonamide antibiotics,Asthma care review,2027-01-25,Cycling,Prepare a brief for a new doctor,synthetic_handcrafted
DEMO-0274,Reese Demo 0274,1990-11-22,Type 2 diabetes,Metformin,No known allergies recorded,Diabetes follow-up,2027-01-05,Walking,Prepare a travel medication summary,synthetic_handcrafted
DEMO-0275,Skyler Demo 0275,1977-07-12,Hypothyroidism,Levothyroxine,No known allergies recorded,Thyroid care follow-up,2026-12-09,Walking,Set a daily check-in preference,synthetic_handcrafted
DEMO-0276,Jamie Demo 0276,1983-01-31,No conditions recorded,No medications recorded,Latex,Annual wellness visit,2026-12-04,Swimming,Prepare a brief for a new doctor,synthetic_handcrafted
DEMO-0277,Sage Demo 0277,1994-06-22,Hypertension,Lisinopril,Peanuts,Blood pressure follow-up,2026-11-25,Cycling,Prepare a travel medication summary,synthetic_handcrafted
DEMO-0278,Taylor Demo 0278,1995-12-08,Asthma,Albuterol inhaler,Penicillin,Asthma care review,2026-12-25,Running,Prepare for a hackathon,synthetic_handcrafted
DEMO-0279,Casey Demo 0279,1989-04-20,Type 2 diabetes,Metformin,Peanuts,Diabetes follow-up,2026-12-27,Walking,Prepare for a hackathon,synthetic_handcrafted
DEMO-0280,Sage Demo 0280,1977-04-06,Hypothyroidism,Levothyroxine,No known allergies recorded,Thyroid care follow-up,2026-11-06,Cycling,Set a daily check-in preference,synthetic_handcrafted
DEMO-0281,Alex Demo 0281,1971-05-22,No conditions recorded,No medications recorded,Latex,Annual wellness visit,2027-01-21,Swimming,Prepare a brief for a new doctor,synthetic_handcrafted
DEMO-0282,Dakota Demo 0282,1984-03-09,Hypertension,Lisinopril,Latex,Blood pressure follow-up,2026-12-13,Swimming,Prepare a brief for a new doctor,synthetic_handcrafted
DEMO-0283,Skyler Demo 0283,1985-02-05,Asthma,Albuterol inhaler,Latex,Asthma care review,2026-11-28,Running,Prepare for a hackathon,synthetic_handcrafted
DEMO-0284,Casey Demo 0284,1981-11-29,Type 2 diabetes,Metformin,Sulfonamide antibiotics,Diabetes follow-up,2027-02-01,Cycling,Prepare a brief for a new doctor,synthetic_handcrafted
DEMO-0285,Dakota Demo 0285,2004-05-15,Hypothyroidism,Levothyroxine,No known allergies recorded,Thyroid care follow-up,2027-03-27,Running,Prepare a brief for a new doctor,synthetic_handcrafted
DEMO-0286,Quinn Demo 0286,2006-01-27,No conditions recorded,No medications recorded,Penicillin,Annual wellness visit,2027-01-03,Walking,Set a daily check-in preference,synthetic_handcrafted
DEMO-0287,Sage Demo 0287,1972-11-05,Hypertension,Lisinopril,Peanuts,Blood pressure follow-up,2027-01-12,Swimming,Set a daily check-in preference,synthetic_handcrafted
DEMO-0288,Jordan Demo 0288,2005-04-29,Asthma,Albuterol inhaler,No known allergies recorded,Asthma care review,2027-01-22,Cycling,Prepare a travel medication summary,synthetic_handcrafted
DEMO-0289,Parker Demo 0289,1974-12-25,Type 2 diabetes,Metformin,Latex,Diabetes follow-up,2027-03-31,Swimming,Prepare a travel medication summary,synthetic_handcrafted
DEMO-0290,Quinn Demo 0290,2001-03-15,Hypothyroidism,Levothyroxine,Sulfonamide antibiotics,Thyroid care follow-up,2027-01-26,Cycling,Prepare a travel medication summary,synthetic_handcrafted
DEMO-0291,Sage Demo 0291,1985-03-05,No conditions recorded,No medications recorded,Penicillin,Annual wellness visit,2026-12-01,Cycling,Prepare a travel medication summary,synthetic_handcrafted
DEMO-0292,Taylor Demo 0292,1970-09-02,Hypertension,Lisinopril,Latex,Blood pressure follow-up,2026-12-04,Walking,Prepare for a hackathon,synthetic_handcrafted
DEMO-0293,Skyler Demo 0293,1978-10-11,Asthma,Albuterol inhaler,Peanuts,Asthma care review,2027-01-28,Swimming,Prepare for a hackathon,synthetic_handcrafted
DEMO-0294,Avery Demo 0294,1983-06-14,Type 2 diabetes,Metformin,Penicillin,Diabetes follow-up,2027-03-25,Walking,Set a daily check-in preference,synthetic_handcrafted
DEMO-0295,Jordan Demo 0295,1981-06-02,Hypothyroidism,Levothyroxine,Peanuts,Thyroid care follow-up,2027-03-23,Cycling,Prepare for a hackathon,synthetic_handcrafted
DEMO-0296,Jamie Demo 0296,1994-04-12,No conditions recorded,No medications recorded,Penicillin,Annual wellness visit,2026-10-15,Swimming,Prepare a travel medication summary,synthetic_handcrafted
DEMO-0297,Riley Demo 0297,1977-08-17,Hypertension,Lisinopril,Peanuts,Blood pressure follow-up,2026-10-22,Running,Set a daily check-in preference,synthetic_handcrafted
DEMO-0298,Emerson Demo 0298,1974-11-27,Asthma,Albuterol inhaler,Peanuts,Asthma care review,2027-01-06,Swimming,Prepare a travel medication summary,synthetic_handcrafted
DEMO-0299,Morgan Demo 0299,1979-05-03,Type 2 diabetes,Metformin,No known allergies recorded,Diabetes follow-up,2026-12-02,Cycling,Prepare a brief for a new doctor,synthetic_handcrafted
DEMO-0300,Quinn Demo 0300,1974-11-14,Hypothyroidism,Levothyroxine,Latex,Thyroid care follow-up,2027-01-18,Running,Prepare a travel medication summary,synthetic_handcrafted
DEMO-0301,Dakota Demo 0301,2000-07-07,No conditions recorded,No medications recorded,Sulfonamide antibiotics,Annual wellness visit,2026-12-27,Cycling,Prepare a travel medication summary,synthetic_handcrafted
DEMO-0302,Jamie Demo 0302,1974-02-10,Hypertension,Lisinopril,Penicillin,Blood pressure follow-up,2027-02-02,Running,Prepare a travel medication summary,synthetic_handcrafted
DEMO-0303,Quinn Demo 0303,1996-06-25,Asthma,Albuterol inhaler,Penicillin,Asthma care review,2026-12-11,Running,Prepare a travel medication summary,synthetic_handcrafted
DEMO-0304,Parker Demo 0304,1991-12-30,Type 2 diabetes,Metformin,Peanuts,Diabetes follow-up,2027-02-15,Swimming,Set a daily check-in preference,synthetic_handcrafted
DEMO-0305,Jordan Demo 0305,1973-06-15,Hypothyroidism,Levothyroxine,Penicillin,Thyroid care follow-up,2026-11-23,Walking,Prepare a brief for a new doctor,synthetic_handcrafted
DEMO-0306,Robin Demo 0306,1974-11-12,No conditions recorded,No medications recorded,Penicillin,Annual wellness visit,2026-12-13,Cycling,Prepare for a hackathon,synthetic_handcrafted
DEMO-0307,Reese Demo 0307,1976-03-16,Hypertension,Lisinopril,Penicillin,Blood pressure follow-up,2026-10-14,Cycling,Set a daily check-in preference,synthetic_handcrafted
DEMO-0308,Reese Demo 0308,1997-03-09,Asthma,Albuterol inhaler,No known allergies recorded,Asthma care review,2026-10-21,Walking,Set a daily check-in preference,synthetic_handcrafted
DEMO-0309,Robin Demo 0309,2004-05-04,Type 2 diabetes,Metformin,No known allergies recorded,Diabetes follow-up,2026-12-28,Cycling,Set a daily check-in preference,synthetic_handcrafted
DEMO-0310,Avery Demo 0310,1974-04-04,Hypothyroidism,Levothyroxine,No known allergies recorded,Thyroid care follow-up,2026-10-29,Walking,Set a daily check-in preference,synthetic_handcrafted
DEMO-0311,Cameron Demo 0311,1983-01-23,No conditions recorded,No medications recorded,Sulfonamide antibiotics,Annual wellness visit,2027-02-19,Walking,Prepare a brief for a new doctor,synthetic_handcrafted
DEMO-0312,Dakota Demo 0312,1970-05-01,Hypertension,Lisinopril,Sulfonamide antibiotics,Blood pressure follow-up,2026-12-27,Running,Set a daily check-in preference,synthetic_handcrafted
DEMO-0313,Dakota Demo 0313,1972-10-06,Asthma,Albuterol inhaler,Penicillin,Asthma care review,2026-11-19,Cycling,Set a daily check-in preference,synthetic_handcrafted
DEMO-0314,Morgan Demo 0314,1974-09-27,Type 2 diabetes,Metformin,Penicillin,Diabetes follow-up,2027-01-15,Cycling,Prepare a travel medication summary,synthetic_handcrafted
DEMO-0315,Jordan Demo 0315,2006-07-14,Hypothyroidism,Levothyroxine,Peanuts,Thyroid care follow-up,2027-01-06,Running,Prepare for a hackathon,synthetic_handcrafted
DEMO-0316,Jordan Demo 0316,1982-03-27,No conditions recorded,No medications recorded,No known allergies recorded,Annual wellness visit,2026-10-16,Cycling,Prepare for a hackathon,synthetic_handcrafted
DEMO-0317,Riley Demo 0317,1993-11-17,Hypertension,Lisinopril,Latex,Blood pressure follow-up,2027-03-21,Cycling,Set a daily check-in preference,synthetic_handcrafted
DEMO-0318,Parker Demo 0318,1992-06-04,Asthma,Albuterol inhaler,Penicillin,Asthma care review,2027-04-01,Cycling,Set a daily check-in preference,synthetic_handcrafted
DEMO-0319,Rowan Demo 0319,1995-10-31,Type 2 diabetes,Metformin,Sulfonamide antibiotics,Diabetes follow-up,2027-03-04,Walking,Prepare a brief for a new doctor,synthetic_handcrafted
DEMO-0320,Sage Demo 0320,1970-08-08,Hypothyroidism,Levothyroxine,Peanuts,Thyroid care follow-up,2026-10-29,Walking,Prepare a travel medication summary,synthetic_handcrafted
DEMO-0321,Cameron Demo 0321,2007-01-07,No conditions recorded,No medications recorded,Peanuts,Annual wellness visit,2026-11-29,Walking,Prepare for a hackathon,synthetic_handcrafted
DEMO-0322,Avery Demo 0322,1987-03-12,Hypertension,Lisinopril,No known allergies recorded,Blood pressure follow-up,2027-02-26,Swimming,Set a daily check-in preference,synthetic_handcrafted
DEMO-0323,Morgan Demo 0323,1986-07-02,Asthma,Albuterol inhaler,Latex,Asthma care review,2026-11-14,Walking,Prepare a brief for a new doctor,synthetic_handcrafted
DEMO-0324,Morgan Demo 0324,1981-03-22,Type 2 diabetes,Metformin,Latex,Diabetes follow-up,2026-12-28,Running,Prepare for a hackathon,synthetic_handcrafted
DEMO-0325,Morgan Demo 0325,1974-05-26,Hypothyroidism,Levothyroxine,Peanuts,Thyroid care follow-up,2027-02-05,Walking,Prepare a brief for a new doctor,synthetic_handcrafted
DEMO-0326,Emerson Demo 0326,1997-08-09,No conditions recorded,No medications recorded,Sulfonamide antibiotics,Annual wellness visit,2026-11-15,Walking,Set a daily check-in preference,synthetic_handcrafted
DEMO-0327,Casey Demo 0327,1970-11-27,Hypertension,Lisinopril,No known allergies recorded,Blood pressure follow-up,2027-01-03,Walking,Prepare a brief for a new doctor,synthetic_handcrafted
DEMO-0328,Sage Demo 0328,1996-01-25,Asthma,Albuterol inhaler,Peanuts,Asthma care review,2026-12-19,Walking,Prepare for a hackathon,synthetic_handcrafted
DEMO-0329,Jamie Demo 0329,2006-01-08,Type 2 diabetes,Metformin,Sulfonamide antibiotics,Diabetes follow-up,2027-01-22,Swimming,Prepare a travel medication summary,synthetic_handcrafted
DEMO-0330,Alex Demo 0330,1972-10-22,Hypothyroidism,Levothyroxine,No known allergies recorded,Thyroid care follow-up,2027-01-26,Cycling,Prepare for a hackathon,synthetic_handcrafted
DEMO-0331,Finley Demo 0331,1988-07-22,No conditions recorded,No medications recorded,Latex,Annual wellness visit,2027-03-12,Cycling,Prepare a travel medication summary,synthetic_handcrafted
DEMO-0332,Jordan Demo 0332,2007-04-10,Hypertension,Lisinopril,Peanuts,Blood pressure follow-up,2027-03-30,Swimming,Prepare a travel medication summary,synthetic_handcrafted
DEMO-0333,Reese Demo 0333,1973-04-08,Asthma,Albuterol inhaler,Sulfonamide antibiotics,Asthma care review,2026-12-26,Cycling,Prepare a travel medication summary,synthetic_handcrafted
DEMO-0334,Emerson Demo 0334,1981-09-19,Type 2 diabetes,Metformin,No known allergies recorded,Diabetes follow-up,2026-12-14,Running,Set a daily check-in preference,synthetic_handcrafted
DEMO-0335,Cameron Demo 0335,2002-06-08,Hypothyroidism,Levothyroxine,Penicillin,Thyroid care follow-up,2026-11-09,Swimming,Prepare for a hackathon,synthetic_handcrafted
DEMO-0336,Casey Demo 0336,1978-12-18,No conditions recorded,No medications recorded,Sulfonamide antibiotics,Annual wellness visit,2026-12-16,Running,Prepare a travel medication summary,synthetic_handcrafted
DEMO-0337,Cameron Demo 0337,1974-09-25,Hypertension,Lisinopril,Peanuts,Blood pressure follow-up,2027-03-27,Cycling,Prepare a travel medication summary,synthetic_handcrafted
DEMO-0338,Drew Demo 0338,1973-11-20,Asthma,Albuterol inhaler,Peanuts,Asthma care review,2027-01-04,Cycling,Prepare a brief for a new doctor,synthetic_handcrafted
DEMO-0339,Riley Demo 0339,2002-11-05,Type 2 diabetes,Metformin,Latex,Diabetes follow-up,2026-10-24,Swimming,Prepare for a hackathon,synthetic_handcrafted
DEMO-0340,Robin Demo 0340,1995-01-20,Hypothyroidism,Levothyroxine,Peanuts,Thyroid care follow-up,2027-02-14,Walking,Prepare for a hackathon,synthetic_handcrafted
DEMO-0341,Finley Demo 0341,1980-10-10,No conditions recorded,No medications recorded,Peanuts,Annual wellness visit,2027-03-23,Running,Prepare a travel medication summary,synthetic_handcrafted
DEMO-0342,Reese Demo 0342,1973-09-06,Hypertension,Lisinopril,Penicillin,Blood pressure follow-up,2027-01-20,Cycling,Prepare a brief for a new doctor,synthetic_handcrafted
DEMO-0343,Finley Demo 0343,1993-11-04,Asthma,Albuterol inhaler,No known allergies recorded,Asthma care review,2027-01-05,Walking,Prepare a brief for a new doctor,synthetic_handcrafted
DEMO-0344,Casey Demo 0344,1987-11-05,Type 2 diabetes,Metformin,No known allergies recorded,Diabetes follow-up,2027-01-10,Swimming,Prepare for a hackathon,synthetic_handcrafted
DEMO-0345,Skyler Demo 0345,1991-04-12,Hypothyroidism,Levothyroxine,Peanuts,Thyroid care follow-up,2027-03-10,Walking,Prepare for a hackathon,synthetic_handcrafted
DEMO-0346,Taylor Demo 0346,2005-05-25,No conditions recorded,No medications recorded,Latex,Annual wellness visit,2027-01-25,Walking,Prepare for a hackathon,synthetic_handcrafted
DEMO-0347,Quinn Demo 0347,1985-02-24,Hypertension,Lisinopril,No known allergies recorded,Blood pressure follow-up,2027-01-28,Swimming,Prepare a brief for a new doctor,synthetic_handcrafted
DEMO-0348,Robin Demo 0348,1977-01-22,Asthma,Albuterol inhaler,Penicillin,Asthma care review,2026-10-20,Running,Prepare a travel medication summary,synthetic_handcrafted
DEMO-0349,Quinn Demo 0349,1994-05-03,Type 2 diabetes,Metformin,Penicillin,Diabetes follow-up,2027-02-04,Swimming,Prepare a travel medication summary,synthetic_handcrafted
DEMO-0350,Rowan Demo 0350,1974-04-15,Hypothyroidism,Levothyroxine,Latex,Thyroid care follow-up,2027-01-04,Running,Prepare a brief for a new doctor,synthetic_handcrafted
DEMO-0351,Emerson Demo 0351,2003-06-29,No conditions recorded,No medications recorded,Latex,Annual wellness visit,2026-12-04,Cycling,Prepare for a hackathon,synthetic_handcrafted
DEMO-0352,Morgan Demo 0352,2001-04-25,Hypertension,Lisinopril,Peanuts,Blood pressure follow-up,2027-01-14,Running,Set a daily check-in preference,synthetic_handcrafted
DEMO-0353,Sage Demo 0353,2003-06-04,Asthma,Albuterol inhaler,Penicillin,Asthma care review,2027-03-13,Cycling,Prepare a travel medication summary,synthetic_handcrafted
DEMO-0354,Alex Demo 0354,2000-05-21,Type 2 diabetes,Metformin,Peanuts,Diabetes follow-up,2026-10-26,Swimming,Prepare a travel medication summary,synthetic_handcrafted
DEMO-0355,Finley Demo 0355,1996-05-07,Hypothyroidism,Levothyroxine,Peanuts,Thyroid care follow-up,2027-02-07,Running,Set a daily check-in preference,synthetic_handcrafted
DEMO-0356,Parker Demo 0356,1985-09-18,No conditions recorded,No medications recorded,Peanuts,Annual wellness visit,2027-01-26,Walking,Prepare a brief for a new doctor,synthetic_handcrafted
DEMO-0357,Rowan Demo 0357,1997-07-11,Hypertension,Lisinopril,Penicillin,Blood pressure follow-up,2027-01-20,Swimming,Prepare a travel medication summary,synthetic_handcrafted
DEMO-0358,Cameron Demo 0358,1992-06-12,Asthma,Albuterol inhaler,Penicillin,Asthma care review,2027-02-02,Walking,Prepare a brief for a new doctor,synthetic_handcrafted
DEMO-0359,Jordan Demo 0359,1987-07-06,Type 2 diabetes,Metformin,Peanuts,Diabetes follow-up,2027-02-23,Running,Set a daily check-in preference,synthetic_handcrafted
DEMO-0360,Sage Demo 0360,1995-04-03,Hypothyroidism,Levothyroxine,Peanuts,Thyroid care follow-up,2026-12-01,Walking,Prepare a brief for a new doctor,synthetic_handcrafted
DEMO-0361,Sage Demo 0361,1995-01-31,No conditions recorded,No medications recorded,Latex,Annual wellness visit,2026-12-15,Swimming,Prepare a brief for a new doctor,synthetic_handcrafted
DEMO-0362,Emerson Demo 0362,1995-10-12,Hypertension,Lisinopril,No known allergies recorded,Blood pressure follow-up,2027-02-27,Walking,Prepare for a hackathon,synthetic_handcrafted
DEMO-0363,Emerson Demo 0363,1970-05-04,Asthma,Albuterol inhaler,Latex,Asthma care review,2026-11-29,Walking,Prepare for a hackathon,synthetic_handcrafted
DEMO-0364,Drew Demo 0364,1984-01-29,Type 2 diabetes,Metformin,Penicillin,Diabetes follow-up,2026-12-30,Swimming,Prepare for a hackathon,synthetic_handcrafted
DEMO-0365,Sage Demo 0365,1983-06-05,Hypothyroidism,Levothyroxine,Penicillin,Thyroid care follow-up,2026-11-10,Swimming,Prepare for a hackathon,synthetic_handcrafted
DEMO-0366,Jordan Demo 0366,2006-04-30,No conditions recorded,No medications recorded,Latex,Annual wellness visit,2026-12-20,Walking,Prepare a brief for a new doctor,synthetic_handcrafted
DEMO-0367,Sage Demo 0367,1970-03-14,Hypertension,Lisinopril,Latex,Blood pressure follow-up,2026-12-14,Cycling,Prepare a brief for a new doctor,synthetic_handcrafted
DEMO-0368,Sage Demo 0368,1976-10-10,Asthma,Albuterol inhaler,Peanuts,Asthma care review,2027-03-21,Walking,Set a daily check-in preference,synthetic_handcrafted
DEMO-0369,Jordan Demo 0369,1999-04-05,Type 2 diabetes,Metformin,No known allergies recorded,Diabetes follow-up,2026-12-14,Cycling,Prepare a brief for a new doctor,synthetic_handcrafted
DEMO-0370,Riley Demo 0370,1997-01-18,Hypothyroidism,Levothyroxine,Latex,Thyroid care follow-up,2027-03-28,Running,Prepare for a hackathon,synthetic_handcrafted
DEMO-0371,Rowan Demo 0371,1972-09-20,No conditions recorded,No medications recorded,Sulfonamide antibiotics,Annual wellness visit,2027-03-24,Walking,Prepare a brief for a new doctor,synthetic_handcrafted
DEMO-0372,Finley Demo 0372,1973-01-24,Hypertension,Lisinopril,Sulfonamide antibiotics,Blood pressure follow-up,2026-12-01,Cycling,Prepare a brief for a new doctor,synthetic_handcrafted
DEMO-0373,Sage Demo 0373,1974-09-26,Asthma,Albuterol inhaler,Sulfonamide antibiotics,Asthma care review,2027-03-24,Walking,Prepare a brief for a new doctor,synthetic_handcrafted
DEMO-0374,Rowan Demo 0374,1991-09-29,Type 2 diabetes,Metformin,Penicillin,Diabetes follow-up,2026-11-23,Walking,Prepare a brief for a new doctor,synthetic_handcrafted
DEMO-0375,Morgan Demo 0375,2003-04-16,Hypothyroidism,Levothyroxine,No known allergies recorded,Thyroid care follow-up,2026-11-24,Walking,Prepare a brief for a new doctor,synthetic_handcrafted
DEMO-0376,Jamie Demo 0376,2000-10-03,No conditions recorded,No medications recorded,Latex,Annual wellness visit,2027-03-13,Walking,Prepare a brief for a new doctor,synthetic_handcrafted
DEMO-0377,Casey Demo 0377,1971-06-17,Hypertension,Lisinopril,Peanuts,Blood pressure follow-up,2027-01-06,Running,Prepare a travel medication summary,synthetic_handcrafted
DEMO-0378,Parker Demo 0378,1990-07-09,Asthma,Albuterol inhaler,No known allergies recorded,Asthma care review,2026-12-12,Running,Set a daily check-in preference,synthetic_handcrafted
DEMO-0379,Jamie Demo 0379,2007-04-11,Type 2 diabetes,Metformin,Sulfonamide antibiotics,Diabetes follow-up,2027-01-13,Cycling,Prepare for a hackathon,synthetic_handcrafted
DEMO-0380,Avery Demo 0380,2001-11-04,Hypothyroidism,Levothyroxine,Peanuts,Thyroid care follow-up,2027-03-24,Walking,Set a daily check-in preference,synthetic_handcrafted
DEMO-0381,Casey Demo 0381,1998-04-27,No conditions recorded,No medications recorded,Peanuts,Annual wellness visit,2027-02-20,Cycling,Prepare a travel medication summary,synthetic_handcrafted
DEMO-0382,Riley Demo 0382,1991-11-17,Hypertension,Lisinopril,No known allergies recorded,Blood pressure follow-up,2026-10-15,Walking,Prepare a brief for a new doctor,synthetic_handcrafted
DEMO-0383,Quinn Demo 0383,2004-02-19,Asthma,Albuterol inhaler,Peanuts,Asthma care review,2027-02-06,Cycling,Prepare a brief for a new doctor,synthetic_handcrafted
DEMO-0384,Robin Demo 0384,1999-04-30,Type 2 diabetes,Metformin,Sulfonamide antibiotics,Diabetes follow-up,2026-12-28,Swimming,Set a daily check-in preference,synthetic_handcrafted
DEMO-0385,Jordan Demo 0385,1983-12-15,Hypothyroidism,Levothyroxine,Peanuts,Thyroid care follow-up,2026-12-21,Swimming,Prepare for a hackathon,synthetic_handcrafted
DEMO-0386,Parker Demo 0386,1993-10-28,No conditions recorded,No medications recorded,Sulfonamide antibiotics,Annual wellness visit,2027-02-27,Swimming,Prepare a travel medication summary,synthetic_handcrafted
DEMO-0387,Jordan Demo 0387,1993-06-17,Hypertension,Lisinopril,Peanuts,Blood pressure follow-up,2027-03-25,Walking,Prepare a travel medication summary,synthetic_handcrafted
DEMO-0388,Jordan Demo 0388,1977-02-16,Asthma,Albuterol inhaler,Penicillin,Asthma care review,2027-03-22,Swimming,Prepare a brief for a new doctor,synthetic_handcrafted
DEMO-0389,Reese Demo 0389,1979-08-23,Type 2 diabetes,Metformin,Sulfonamide antibiotics,Diabetes follow-up,2026-10-22,Cycling,Prepare a brief for a new doctor,synthetic_handcrafted
DEMO-0390,Cameron Demo 0390,1992-04-27,Hypothyroidism,Levothyroxine,Latex,Thyroid care follow-up,2027-02-11,Cycling,Set a daily check-in preference,synthetic_handcrafted
DEMO-0391,Alex Demo 0391,1976-05-06,No conditions recorded,No medications recorded,Peanuts,Annual wellness visit,2027-03-03,Cycling,Prepare for a hackathon,synthetic_handcrafted
DEMO-0392,Alex Demo 0392,1975-09-11,Hypertension,Lisinopril,Latex,Blood pressure follow-up,2027-01-04,Cycling,Prepare for a hackathon,synthetic_handcrafted
DEMO-0393,Sage Demo 0393,2003-07-24,Asthma,Albuterol inhaler,Latex,Asthma care review,2026-10-28,Running,Prepare a travel medication summary,synthetic_handcrafted
DEMO-0394,Finley Demo 0394,1979-08-29,Type 2 diabetes,Metformin,Latex,Diabetes follow-up,2026-11-25,Walking,Prepare a travel medication summary,synthetic_handcrafted
DEMO-0395,Finley Demo 0395,1983-06-18,Hypothyroidism,Levothyroxine,Peanuts,Thyroid care follow-up,2027-01-30,Running,Set a daily check-in preference,synthetic_handcrafted
DEMO-0396,Skyler Demo 0396,1984-05-19,No conditions recorded,No medications recorded,No known allergies recorded,Annual wellness visit,2026-10-31,Walking,Prepare a brief for a new doctor,synthetic_handcrafted
DEMO-0397,Emerson Demo 0397,1983-06-06,Hypertension,Lisinopril,Peanuts,Blood pressure follow-up,2027-01-04,Cycling,Prepare a travel medication summary,synthetic_handcrafted
DEMO-0398,Riley Demo 0398,1994-04-10,Asthma,Albuterol inhaler,Latex,Asthma care review,2026-12-21,Walking,Prepare a travel medication summary,synthetic_handcrafted
DEMO-0399,Taylor Demo 0399,1970-08-16,Type 2 diabetes,Metformin,No known allergies recorded,Diabetes follow-up,2026-12-19,Running,Prepare a brief for a new doctor,synthetic_handcrafted
DEMO-0400,Dakota Demo 0400,1988-10-24,Hypothyroidism,Levothyroxine,Latex,Thyroid care follow-up,2026-12-28,Cycling,Prepare for a hackathon,synthetic_handcrafted
DEMO-0401,Reese Demo 0401,1974-09-15,No conditions recorded,No medications recorded,Sulfonamide antibiotics,Annual wellness visit,2027-01-10,Swimming,Prepare for a hackathon,synthetic_handcrafted
DEMO-0402,Jamie Demo 0402,1980-05-11,Hypertension,Lisinopril,Penicillin,Blood pressure follow-up,2026-12-15,Swimming,Prepare a travel medication summary,synthetic_handcrafted
DEMO-0403,Parker Demo 0403,2000-06-24,Asthma,Albuterol inhaler,Latex,Asthma care review,2026-11-10,Cycling,Prepare a travel medication summary,synthetic_handcrafted
DEMO-0404,Rowan Demo 0404,2007-05-17,Type 2 diabetes,Metformin,Penicillin,Diabetes follow-up,2026-11-22,Walking,Prepare a brief for a new doctor,synthetic_handcrafted
DEMO-0405,Finley Demo 0405,2000-03-19,Hypothyroidism,Levothyroxine,Penicillin,Thyroid care follow-up,2026-12-18,Walking,Prepare a brief for a new doctor,synthetic_handcrafted
DEMO-0406,Jamie Demo 0406,1982-12-14,No conditions recorded,No medications recorded,Peanuts,Annual wellness visit,2026-12-25,Cycling,Prepare for a hackathon,synthetic_handcrafted
DEMO-0407,Skyler Demo 0407,1974-06-06,Hypertension,Lisinopril,Sulfonamide antibiotics,Blood pressure follow-up,2027-03-02,Swimming,Prepare a travel medication summary,synthetic_handcrafted
DEMO-0408,Morgan Demo 0408,1972-12-27,Asthma,Albuterol inhaler,Sulfonamide antibiotics,Asthma care review,2027-01-03,Running,Prepare for a hackathon,synthetic_handcrafted
DEMO-0409,Skyler Demo 0409,1971-08-19,Type 2 diabetes,Metformin,Peanuts,Diabetes follow-up,2026-12-17,Swimming,Prepare a travel medication summary,synthetic_handcrafted
DEMO-0410,Skyler Demo 0410,1996-06-14,Hypothyroidism,Levothyroxine,Sulfonamide antibiotics,Thyroid care follow-up,2026-10-19,Walking,Set a daily check-in preference,synthetic_handcrafted
DEMO-0411,Emerson Demo 0411,2000-06-15,No conditions recorded,No medications recorded,Peanuts,Annual wellness visit,2027-01-01,Swimming,Prepare a brief for a new doctor,synthetic_handcrafted
DEMO-0412,Cameron Demo 0412,1981-01-16,Hypertension,Lisinopril,Peanuts,Blood pressure follow-up,2027-03-01,Running,Prepare for a hackathon,synthetic_handcrafted
DEMO-0413,Emerson Demo 0413,1970-11-14,Asthma,Albuterol inhaler,Penicillin,Asthma care review,2027-02-13,Walking,Prepare a travel medication summary,synthetic_handcrafted
DEMO-0414,Robin Demo 0414,1992-07-10,Type 2 diabetes,Metformin,No known allergies recorded,Diabetes follow-up,2027-02-25,Running,Prepare for a hackathon,synthetic_handcrafted
DEMO-0415,Jordan Demo 0415,1997-04-30,Hypothyroidism,Levothyroxine,Peanuts,Thyroid care follow-up,2026-11-29,Swimming,Prepare a travel medication summary,synthetic_handcrafted
DEMO-0416,Robin Demo 0416,1980-01-25,No conditions recorded,No medications recorded,Sulfonamide antibiotics,Annual wellness visit,2027-02-06,Cycling,Prepare for a hackathon,synthetic_handcrafted
DEMO-0417,Casey Demo 0417,1975-03-16,Hypertension,Lisinopril,Latex,Blood pressure follow-up,2026-12-14,Cycling,Prepare for a hackathon,synthetic_handcrafted
DEMO-0418,Alex Demo 0418,1984-06-28,Asthma,Albuterol inhaler,No known allergies recorded,Asthma care review,2027-01-26,Running,Prepare for a hackathon,synthetic_handcrafted
DEMO-0419,Sage Demo 0419,1976-11-10,Type 2 diabetes,Metformin,Penicillin,Diabetes follow-up,2027-03-19,Walking,Prepare for a hackathon,synthetic_handcrafted
DEMO-0420,Parker Demo 0420,1992-10-24,Hypothyroidism,Levothyroxine,Sulfonamide antibiotics,Thyroid care follow-up,2027-03-09,Swimming,Prepare a travel medication summary,synthetic_handcrafted
DEMO-0421,Parker Demo 0421,1971-10-05,No conditions recorded,No medications recorded,Sulfonamide antibiotics,Annual wellness visit,2027-01-11,Swimming,Prepare a brief for a new doctor,synthetic_handcrafted
DEMO-0422,Reese Demo 0422,1984-03-25,Hypertension,Lisinopril,Sulfonamide antibiotics,Blood pressure follow-up,2026-11-02,Swimming,Set a daily check-in preference,synthetic_handcrafted
DEMO-0423,Parker Demo 0423,2002-01-26,Asthma,Albuterol inhaler,Penicillin,Asthma care review,2027-02-15,Running,Prepare a brief for a new doctor,synthetic_handcrafted
DEMO-0424,Morgan Demo 0424,1998-10-02,Type 2 diabetes,Metformin,No known allergies recorded,Diabetes follow-up,2027-01-07,Walking,Set a daily check-in preference,synthetic_handcrafted
DEMO-0425,Drew Demo 0425,1980-12-06,Hypothyroidism,Levothyroxine,Peanuts,Thyroid care follow-up,2026-12-01,Walking,Prepare a brief for a new doctor,synthetic_handcrafted
DEMO-0426,Quinn Demo 0426,1995-07-19,No conditions recorded,No medications recorded,Penicillin,Annual wellness visit,2026-12-01,Walking,Set a daily check-in preference,synthetic_handcrafted
DEMO-0427,Finley Demo 0427,1989-01-19,Hypertension,Lisinopril,Sulfonamide antibiotics,Blood pressure follow-up,2026-12-01,Cycling,Prepare for a hackathon,synthetic_handcrafted
DEMO-0428,Jordan Demo 0428,2003-02-17,Asthma,Albuterol inhaler,Peanuts,Asthma care review,2026-10-12,Walking,Prepare for a hackathon,synthetic_handcrafted
DEMO-0429,Alex Demo 0429,1992-10-10,Type 2 diabetes,Metformin,Sulfonamide antibiotics,Diabetes follow-up,2027-02-02,Swimming,Prepare a brief for a new doctor,synthetic_handcrafted
DEMO-0430,Reese Demo 0430,2001-10-14,Hypothyroidism,Levothyroxine,Latex,Thyroid care follow-up,2027-02-15,Swimming,Set a daily check-in preference,synthetic_handcrafted
DEMO-0431,Parker Demo 0431,1970-05-17,No conditions recorded,No medications recorded,Peanuts,Annual wellness visit,2026-12-08,Swimming,Set a daily check-in preference,synthetic_handcrafted
DEMO-0432,Taylor Demo 0432,1972-11-28,Hypertension,Lisinopril,Latex,Blood pressure follow-up,2027-03-01,Running,Prepare a travel medication summary,synthetic_handcrafted
DEMO-0433,Casey Demo 0433,1990-01-05,Asthma,Albuterol inhaler,No known allergies recorded,Asthma care review,2027-03-13,Walking,Set a daily check-in preference,synthetic_handcrafted
DEMO-0434,Drew Demo 0434,1978-06-24,Type 2 diabetes,Metformin,Sulfonamide antibiotics,Diabetes follow-up,2026-11-27,Running,Set a daily check-in preference,synthetic_handcrafted
DEMO-0435,Taylor Demo 0435,1973-04-24,Hypothyroidism,Levothyroxine,Peanuts,Thyroid care follow-up,2027-03-22,Running,Prepare for a hackathon,synthetic_handcrafted
DEMO-0436,Taylor Demo 0436,1987-05-10,No conditions recorded,No medications recorded,Latex,Annual wellness visit,2027-01-21,Running,Prepare for a hackathon,synthetic_handcrafted
DEMO-0437,Taylor Demo 0437,1986-11-16,Hypertension,Lisinopril,No known allergies recorded,Blood pressure follow-up,2026-11-21,Swimming,Prepare a travel medication summary,synthetic_handcrafted
DEMO-0438,Quinn Demo 0438,1971-02-27,Asthma,Albuterol inhaler,Peanuts,Asthma care review,2027-01-17,Running,Prepare a brief for a new doctor,synthetic_handcrafted
DEMO-0439,Finley Demo 0439,2001-06-18,Type 2 diabetes,Metformin,No known allergies recorded,Diabetes follow-up,2027-01-28,Swimming,Prepare a travel medication summary,synthetic_handcrafted
DEMO-0440,Parker Demo 0440,1979-02-11,Hypothyroidism,Levothyroxine,Penicillin,Thyroid care follow-up,2027-02-01,Cycling,Prepare a travel medication summary,synthetic_handcrafted
DEMO-0441,Casey Demo 0441,1983-06-24,No conditions recorded,No medications recorded,Sulfonamide antibiotics,Annual wellness visit,2026-11-07,Running,Prepare a brief for a new doctor,synthetic_handcrafted
DEMO-0442,Finley Demo 0442,1973-02-16,Hypertension,Lisinopril,Sulfonamide antibiotics,Blood pressure follow-up,2026-11-30,Walking,Set a daily check-in preference,synthetic_handcrafted
DEMO-0443,Robin Demo 0443,2005-01-10,Asthma,Albuterol inhaler,Peanuts,Asthma care review,2027-03-21,Walking,Set a daily check-in preference,synthetic_handcrafted
DEMO-0444,Rowan Demo 0444,2005-06-11,Type 2 diabetes,Metformin,Peanuts,Diabetes follow-up,2026-11-06,Cycling,Prepare a travel medication summary,synthetic_handcrafted
DEMO-0445,Quinn Demo 0445,1991-03-03,Hypothyroidism,Levothyroxine,Sulfonamide antibiotics,Thyroid care follow-up,2026-12-10,Walking,Set a daily check-in preference,synthetic_handcrafted
DEMO-0446,Taylor Demo 0446,1992-10-20,No conditions recorded,No medications recorded,Sulfonamide antibiotics,Annual wellness visit,2027-01-02,Cycling,Set a daily check-in preference,synthetic_handcrafted
DEMO-0447,Taylor Demo 0447,1980-07-19,Hypertension,Lisinopril,No known allergies recorded,Blood pressure follow-up,2027-02-27,Cycling,Prepare a brief for a new doctor,synthetic_handcrafted
DEMO-0448,Morgan Demo 0448,1971-12-20,Asthma,Albuterol inhaler,Sulfonamide antibiotics,Asthma care review,2027-03-03,Swimming,Set a daily check-in preference,synthetic_handcrafted
DEMO-0449,Alex Demo 0449,1981-01-14,Type 2 diabetes,Metformin,Latex,Diabetes follow-up,2026-11-07,Walking,Set a daily check-in preference,synthetic_handcrafted
DEMO-0450,Emerson Demo 0450,1992-12-03,Hypothyroidism,Levothyroxine,Latex,Thyroid care follow-up,2027-03-29,Walking,Prepare a travel medication summary,synthetic_handcrafted
DEMO-0451,Casey Demo 0451,1998-07-08,No conditions recorded,No medications recorded,Peanuts,Annual wellness visit,2027-03-13,Swimming,Prepare for a hackathon,synthetic_handcrafted
DEMO-0452,Robin Demo 0452,1996-01-22,Hypertension,Lisinopril,Peanuts,Blood pressure follow-up,2026-10-24,Cycling,Set a daily check-in preference,synthetic_handcrafted
DEMO-0453,Drew Demo 0453,1991-03-22,Asthma,Albuterol inhaler,No known allergies recorded,Asthma care review,2027-01-21,Walking,Set a daily check-in preference,synthetic_handcrafted
DEMO-0454,Parker Demo 0454,2000-05-19,Type 2 diabetes,Metformin,Latex,Diabetes follow-up,2027-02-22,Swimming,Prepare a brief for a new doctor,synthetic_handcrafted
DEMO-0455,Taylor Demo 0455,1972-09-19,Hypothyroidism,Levothyroxine,Sulfonamide antibiotics,Thyroid care follow-up,2026-12-13,Cycling,Set a daily check-in preference,synthetic_handcrafted
DEMO-0456,Riley Demo 0456,1984-02-02,No conditions recorded,No medications recorded,Sulfonamide antibiotics,Annual wellness visit,2026-10-24,Running,Prepare a travel medication summary,synthetic_handcrafted
DEMO-0457,Emerson Demo 0457,2000-03-22,Hypertension,Lisinopril,Latex,Blood pressure follow-up,2026-10-13,Walking,Set a daily check-in preference,synthetic_handcrafted
DEMO-0458,Avery Demo 0458,1987-03-22,Asthma,Albuterol inhaler,Latex,Asthma care review,2027-02-08,Swimming,Prepare for a hackathon,synthetic_handcrafted
DEMO-0459,Robin Demo 0459,1973-08-01,Type 2 diabetes,Metformin,No known allergies recorded,Diabetes follow-up,2026-12-15,Walking,Prepare a brief for a new doctor,synthetic_handcrafted
DEMO-0460,Cameron Demo 0460,1990-11-23,Hypothyroidism,Levothyroxine,Penicillin,Thyroid care follow-up,2026-12-07,Cycling,Prepare for a hackathon,synthetic_handcrafted
DEMO-0461,Skyler Demo 0461,1980-06-29,No conditions recorded,No medications recorded,Peanuts,Annual wellness visit,2027-01-11,Swimming,Prepare a travel medication summary,synthetic_handcrafted
DEMO-0462,Sage Demo 0462,1983-10-18,Hypertension,Lisinopril,Sulfonamide antibiotics,Blood pressure follow-up,2026-10-12,Swimming,Set a daily check-in preference,synthetic_handcrafted
DEMO-0463,Skyler Demo 0463,1983-06-16,Asthma,Albuterol inhaler,Sulfonamide antibiotics,Asthma care review,2026-12-13,Swimming,Prepare a brief for a new doctor,synthetic_handcrafted
DEMO-0464,Finley Demo 0464,2005-07-17,Type 2 diabetes,Metformin,Peanuts,Diabetes follow-up,2027-01-30,Swimming,Set a daily check-in preference,synthetic_handcrafted
DEMO-0465,Cameron Demo 0465,2001-12-20,Hypothyroidism,Levothyroxine,Sulfonamide antibiotics,Thyroid care follow-up,2026-12-09,Swimming,Prepare a brief for a new doctor,synthetic_handcrafted
DEMO-0466,Jamie Demo 0466,2003-10-25,No conditions recorded,No medications recorded,Penicillin,Annual wellness visit,2027-01-13,Cycling,Set a daily check-in preference,synthetic_handcrafted
DEMO-0467,Emerson Demo 0467,1977-09-24,Hypertension,Lisinopril,Peanuts,Blood pressure follow-up,2027-01-19,Walking,Prepare a travel medication summary,synthetic_handcrafted
DEMO-0468,Jordan Demo 0468,2003-09-11,Asthma,Albuterol inhaler,No known allergies recorded,Asthma care review,2027-03-04,Cycling,Prepare for a hackathon,synthetic_handcrafted
DEMO-0469,Drew Demo 0469,1978-10-21,Type 2 diabetes,Metformin,No known allergies recorded,Diabetes follow-up,2026-10-25,Cycling,Prepare for a hackathon,synthetic_handcrafted
DEMO-0470,Emerson Demo 0470,1979-05-08,Hypothyroidism,Levothyroxine,Penicillin,Thyroid care follow-up,2027-03-07,Swimming,Set a daily check-in preference,synthetic_handcrafted
DEMO-0471,Drew Demo 0471,1978-07-03,No conditions recorded,No medications recorded,Peanuts,Annual wellness visit,2027-03-31,Walking,Prepare a travel medication summary,synthetic_handcrafted
DEMO-0472,Skyler Demo 0472,2001-10-02,Hypertension,Lisinopril,No known allergies recorded,Blood pressure follow-up,2027-01-28,Walking,Prepare a travel medication summary,synthetic_handcrafted
DEMO-0473,Riley Demo 0473,1976-03-30,Asthma,Albuterol inhaler,Sulfonamide antibiotics,Asthma care review,2027-01-17,Cycling,Set a daily check-in preference,synthetic_handcrafted
DEMO-0474,Jamie Demo 0474,2000-05-15,Type 2 diabetes,Metformin,No known allergies recorded,Diabetes follow-up,2027-03-18,Swimming,Set a daily check-in preference,synthetic_handcrafted
DEMO-0475,Taylor Demo 0475,1971-10-16,Hypothyroidism,Levothyroxine,Peanuts,Thyroid care follow-up,2026-11-28,Walking,Prepare a travel medication summary,synthetic_handcrafted
DEMO-0476,Reese Demo 0476,1982-12-29,No conditions recorded,No medications recorded,Latex,Annual wellness visit,2027-03-08,Running,Prepare a brief for a new doctor,synthetic_handcrafted
DEMO-0477,Riley Demo 0477,1973-03-16,Hypertension,Lisinopril,Latex,Blood pressure follow-up,2026-11-02,Running,Prepare a travel medication summary,synthetic_handcrafted
DEMO-0478,Parker Demo 0478,1975-02-13,Asthma,Albuterol inhaler,Penicillin,Asthma care review,2026-12-23,Walking,Prepare a travel medication summary,synthetic_handcrafted
DEMO-0479,Riley Demo 0479,1982-10-09,Type 2 diabetes,Metformin,Peanuts,Diabetes follow-up,2026-11-25,Walking,Set a daily check-in preference,synthetic_handcrafted
DEMO-0480,Riley Demo 0480,1984-12-01,Hypothyroidism,Levothyroxine,No known allergies recorded,Thyroid care follow-up,2026-12-04,Cycling,Prepare a travel medication summary,synthetic_handcrafted
DEMO-0481,Quinn Demo 0481,1988-07-10,No conditions recorded,No medications recorded,No known allergies recorded,Annual wellness visit,2027-02-21,Swimming,Set a daily check-in preference,synthetic_handcrafted
DEMO-0482,Drew Demo 0482,2003-01-20,Hypertension,Lisinopril,Penicillin,Blood pressure follow-up,2026-12-05,Cycling,Prepare for a hackathon,synthetic_handcrafted
DEMO-0483,Drew Demo 0483,1976-03-13,Asthma,Albuterol inhaler,Peanuts,Asthma care review,2027-01-26,Walking,Prepare for a hackathon,synthetic_handcrafted
DEMO-0484,Taylor Demo 0484,1973-03-26,Type 2 diabetes,Metformin,Sulfonamide antibiotics,Diabetes follow-up,2027-01-04,Swimming,Prepare a travel medication summary,synthetic_handcrafted
DEMO-0485,Sage Demo 0485,1989-02-19,Hypothyroidism,Levothyroxine,Latex,Thyroid care follow-up,2027-01-08,Cycling,Prepare a travel medication summary,synthetic_handcrafted
DEMO-0486,Riley Demo 0486,1984-10-21,No conditions recorded,No medications recorded,No known allergies recorded,Annual wellness visit,2026-12-31,Cycling,Prepare a brief for a new doctor,synthetic_handcrafted
DEMO-0487,Taylor Demo 0487,1982-02-02,Hypertension,Lisinopril,Sulfonamide antibiotics,Blood pressure follow-up,2026-11-01,Swimming,Prepare a brief for a new doctor,synthetic_handcrafted
DEMO-0488,Casey Demo 0488,1974-10-09,Asthma,Albuterol inhaler,No known allergies recorded,Asthma care review,2027-01-29,Cycling,Prepare a brief for a new doctor,synthetic_handcrafted
DEMO-0489,Reese Demo 0489,1995-09-28,Type 2 diabetes,Metformin,Peanuts,Diabetes follow-up,2026-12-03,Swimming,Prepare a travel medication summary,synthetic_handcrafted
DEMO-0490,Alex Demo 0490,1997-03-01,Hypothyroidism,Levothyroxine,Penicillin,Thyroid care follow-up,2026-10-15,Cycling,Prepare a travel medication summary,synthetic_handcrafted
DEMO-0491,Jamie Demo 0491,2004-08-22,No conditions recorded,No medications recorded,No known allergies recorded,Annual wellness visit,2026-12-22,Walking,Prepare a travel medication summary,synthetic_handcrafted
DEMO-0492,Quinn Demo 0492,1997-09-11,Hypertension,Lisinopril,Peanuts,Blood pressure follow-up,2027-03-08,Swimming,Prepare a brief for a new doctor,synthetic_handcrafted
DEMO-0493,Robin Demo 0493,1981-10-03,Asthma,Albuterol inhaler,Latex,Asthma care review,2027-01-26,Running,Prepare a brief for a new doctor,synthetic_handcrafted
DEMO-0494,Emerson Demo 0494,1971-11-13,Type 2 diabetes,Metformin,Penicillin,Diabetes follow-up,2027-01-27,Swimming,Prepare for a hackathon,synthetic_handcrafted
DEMO-0495,Jamie Demo 0495,1979-11-02,Hypothyroidism,Levothyroxine,Penicillin,Thyroid care follow-up,2026-12-26,Swimming,Set a daily check-in preference,synthetic_handcrafted
DEMO-0496,Avery Demo 0496,1990-02-20,No conditions recorded,No medications recorded,Sulfonamide antibiotics,Annual wellness visit,2027-02-03,Walking,Prepare a brief for a new doctor,synthetic_handcrafted
DEMO-0497,Quinn Demo 0497,1980-11-19,Hypertension,Lisinopril,Penicillin,Blood pressure follow-up,2026-11-27,Swimming,Prepare a brief for a new doctor,synthetic_handcrafted
DEMO-0498,Parker Demo 0498,1996-03-16,Asthma,Albuterol inhaler,Latex,Asthma care review,2027-03-18,Swimming,Set a daily check-in preference,synthetic_handcrafted
DEMO-0499,Avery Demo 0499,1991-10-16,Type 2 diabetes,Metformin,No known allergies recorded,Diabetes follow-up,2026-11-22,Cycling,Prepare for a hackathon,synthetic_handcrafted
DEMO-0500,Avery Demo 0500,1991-01-28,Hypothyroidism,Levothyroxine,Peanuts,Thyroid care follow-up,2027-01-30,Running,Prepare a brief for a new doctor,synthetic_handcrafted
DEMO-0501,Drew Demo 0501,2000-04-23,No conditions recorded,No medications recorded,Sulfonamide antibiotics,Annual wellness visit,2027-02-04,Walking,Prepare a travel medication summary,synthetic_handcrafted
DEMO-0502,Morgan Demo 0502,2005-02-20,Hypertension,Lisinopril,Sulfonamide antibiotics,Blood pressure follow-up,2027-03-05,Running,Prepare a travel medication summary,synthetic_handcrafted
DEMO-0503,Avery Demo 0503,1998-06-18,Asthma,Albuterol inhaler,Penicillin,Asthma care review,2027-02-02,Walking,Prepare a brief for a new doctor,synthetic_handcrafted
DEMO-0504,Taylor Demo 0504,1995-09-04,Type 2 diabetes,Metformin,Peanuts,Diabetes follow-up,2027-03-19,Walking,Prepare a brief for a new doctor,synthetic_handcrafted
DEMO-0505,Riley Demo 0505,1977-11-15,Hypothyroidism,Levothyroxine,Penicillin,Thyroid care follow-up,2027-03-28,Cycling,Prepare for a hackathon,synthetic_handcrafted
DEMO-0506,Rowan Demo 0506,1983-12-31,No conditions recorded,No medications recorded,Peanuts,Annual wellness visit,2027-02-17,Cycling,Prepare a brief for a new doctor,synthetic_handcrafted
DEMO-0507,Dakota Demo 0507,1989-05-24,Hypertension,Lisinopril,No known allergies recorded,Blood pressure follow-up,2026-12-22,Swimming,Set a daily check-in preference,synthetic_handcrafted
DEMO-0508,Robin Demo 0508,1973-05-10,Asthma,Albuterol inhaler,Latex,Asthma care review,2027-02-23,Running,Set a daily check-in preference,synthetic_handcrafted
DEMO-0509,Parker Demo 0509,2003-06-06,Type 2 diabetes,Metformin,No known allergies recorded,Diabetes follow-up,2027-01-09,Swimming,Prepare a travel medication summary,synthetic_handcrafted
DEMO-0510,Avery Demo 0510,1974-04-12,Hypothyroidism,Levothyroxine,Peanuts,Thyroid care follow-up,2027-03-28,Swimming,Set a daily check-in preference,synthetic_handcrafted
DEMO-0511,Avery Demo 0511,1971-11-17,No conditions recorded,No medications recorded,Penicillin,Annual wellness visit,2027-02-23,Running,Set a daily check-in preference,synthetic_handcrafted
DEMO-0512,Avery Demo 0512,1994-05-08,Hypertension,Lisinopril,No known allergies recorded,Blood pressure follow-up,2026-12-03,Swimming,Prepare a travel medication summary,synthetic_handcrafted
DEMO-0513,Sage Demo 0513,1984-10-27,Asthma,Albuterol inhaler,Penicillin,Asthma care review,2026-11-13,Running,Prepare a brief for a new doctor,synthetic_handcrafted
DEMO-0514,Reese Demo 0514,2005-06-23,Type 2 diabetes,Metformin,Sulfonamide antibiotics,Diabetes follow-up,2026-12-25,Swimming,Prepare a brief for a new doctor,synthetic_handcrafted
DEMO-0515,Riley Demo 0515,1979-09-27,Hypothyroidism,Levothyroxine,Latex,Thyroid care follow-up,2027-03-14,Running,Set a daily check-in preference,synthetic_handcrafted
DEMO-0516,Riley Demo 0516,1979-09-05,No conditions recorded,No medications recorded,Sulfonamide antibiotics,Annual wellness visit,2027-03-26,Walking,Prepare a travel medication summary,synthetic_handcrafted
DEMO-0517,Drew Demo 0517,1996-10-11,Hypertension,Lisinopril,Peanuts,Blood pressure follow-up,2027-02-16,Swimming,Prepare a brief for a new doctor,synthetic_handcrafted
DEMO-0518,Sage Demo 0518,1990-08-13,Asthma,Albuterol inhaler,Peanuts,Asthma care review,2026-10-18,Walking,Prepare a travel medication summary,synthetic_handcrafted
DEMO-0519,Reese Demo 0519,1987-03-01,Type 2 diabetes,Metformin,Latex,Diabetes follow-up,2026-11-18,Cycling,Prepare a travel medication summary,synthetic_handcrafted
DEMO-0520,Quinn Demo 0520,2002-02-03,Hypothyroidism,Levothyroxine,No known allergies recorded,Thyroid care follow-up,2027-03-16,Running,Set a daily check-in preference,synthetic_handcrafted
DEMO-0521,Riley Demo 0521,1987-05-29,No conditions recorded,No medications recorded,No known allergies recorded,Annual wellness visit,2026-12-06,Cycling,Prepare a travel medication summary,synthetic_handcrafted
DEMO-0522,Casey Demo 0522,1975-01-22,Hypertension,Lisinopril,Peanuts,Blood pressure follow-up,2026-11-06,Swimming,Prepare a travel medication summary,synthetic_handcrafted
DEMO-0523,Alex Demo 0523,2005-12-31,Asthma,Albuterol inhaler,Sulfonamide antibiotics,Asthma care review,2027-01-08,Running,Prepare a brief for a new doctor,synthetic_handcrafted
DEMO-0524,Sage Demo 0524,1974-08-06,Type 2 diabetes,Metformin,Penicillin,Diabetes follow-up,2027-01-27,Running,Set a daily check-in preference,synthetic_handcrafted
DEMO-0525,Cameron Demo 0525,1999-05-14,Hypothyroidism,Levothyroxine,Sulfonamide antibiotics,Thyroid care follow-up,2027-01-29,Running,Prepare for a hackathon,synthetic_handcrafted
DEMO-0526,Taylor Demo 0526,1979-06-20,No conditions recorded,No medications recorded,No known allergies recorded,Annual wellness visit,2027-03-02,Swimming,Set a daily check-in preference,synthetic_handcrafted
DEMO-0527,Emerson Demo 0527,1978-12-12,Hypertension,Lisinopril,Sulfonamide antibiotics,Blood pressure follow-up,2026-11-07,Cycling,Set a daily check-in preference,synthetic_handcrafted
DEMO-0528,Avery Demo 0528,1994-02-20,Asthma,Albuterol inhaler,Peanuts,Asthma care review,2027-01-24,Cycling,Prepare a travel medication summary,synthetic_handcrafted
DEMO-0529,Casey Demo 0529,2001-04-14,Type 2 diabetes,Metformin,Sulfonamide antibiotics,Diabetes follow-up,2027-01-09,Walking,Prepare for a hackathon,synthetic_handcrafted
DEMO-0530,Reese Demo 0530,1996-07-24,Hypothyroidism,Levothyroxine,Latex,Thyroid care follow-up,2027-03-31,Swimming,Set a daily check-in preference,synthetic_handcrafted
DEMO-0531,Skyler Demo 0531,1970-04-21,No conditions recorded,No medications recorded,Latex,Annual wellness visit,2027-01-14,Swimming,Prepare a brief for a new doctor,synthetic_handcrafted
DEMO-0532,Parker Demo 0532,2005-01-17,Hypertension,Lisinopril,Peanuts,Blood pressure follow-up,2026-11-09,Swimming,Set a daily check-in preference,synthetic_handcrafted
DEMO-0533,Casey Demo 0533,2003-12-19,Asthma,Albuterol inhaler,No known allergies recorded,Asthma care review,2026-12-30,Swimming,Prepare a brief for a new doctor,synthetic_handcrafted
DEMO-0534,Emerson Demo 0534,1974-02-04,Type 2 diabetes,Metformin,No known allergies recorded,Diabetes follow-up,2027-02-28,Running,Prepare a brief for a new doctor,synthetic_handcrafted
DEMO-0535,Taylor Demo 0535,1991-08-27,Hypothyroidism,Levothyroxine,Sulfonamide antibiotics,Thyroid care follow-up,2026-12-14,Swimming,Set a daily check-in preference,synthetic_handcrafted
DEMO-0536,Quinn Demo 0536,1982-03-12,No conditions recorded,No medications recorded,Latex,Annual wellness visit,2027-02-22,Swimming,Prepare for a hackathon,synthetic_handcrafted
DEMO-0537,Rowan Demo 0537,1998-06-30,Hypertension,Lisinopril,No known allergies recorded,Blood pressure follow-up,2027-03-26,Walking,Prepare a travel medication summary,synthetic_handcrafted
DEMO-0538,Jamie Demo 0538,1991-08-12,Asthma,Albuterol inhaler,Sulfonamide antibiotics,Asthma care review,2027-03-21,Cycling,Prepare a brief for a new doctor,synthetic_handcrafted
DEMO-0539,Finley Demo 0539,1996-05-07,Type 2 diabetes,Metformin,No known allergies recorded,Diabetes follow-up,2026-11-28,Running,Prepare a travel medication summary,synthetic_handcrafted
DEMO-0540,Riley Demo 0540,1997-11-14,Hypothyroidism,Levothyroxine,Latex,Thyroid care follow-up,2027-01-11,Swimming,Prepare a travel medication summary,synthetic_handcrafted
DEMO-0541,Cameron Demo 0541,1998-11-01,No conditions recorded,No medications recorded,Penicillin,Annual wellness visit,2027-03-07,Walking,Prepare a brief for a new doctor,synthetic_handcrafted
DEMO-0542,Alex Demo 0542,1989-04-07,Hypertension,Lisinopril,Latex,Blood pressure follow-up,2026-11-19,Cycling,Set a daily check-in preference,synthetic_handcrafted
DEMO-0543,Rowan Demo 0543,1981-07-27,Asthma,Albuterol inhaler,Peanuts,Asthma care review,2027-02-04,Cycling,Prepare a brief for a new doctor,synthetic_handcrafted
DEMO-0544,Quinn Demo 0544,1987-12-16,Type 2 diabetes,Metformin,Peanuts,Diabetes follow-up,2027-01-30,Running,Prepare for a hackathon,synthetic_handcrafted
DEMO-0545,Emerson Demo 0545,1996-03-10,Hypothyroidism,Levothyroxine,No known allergies recorded,Thyroid care follow-up,2026-11-19,Running,Prepare a brief for a new doctor,synthetic_handcrafted
DEMO-0546,Casey Demo 0546,1990-11-18,No conditions recorded,No medications recorded,Penicillin,Annual wellness visit,2026-12-02,Running,Prepare a brief for a new doctor,synthetic_handcrafted
DEMO-0547,Jamie Demo 0547,2007-11-13,Hypertension,Lisinopril,Penicillin,Blood pressure follow-up,2027-02-19,Walking,Prepare a brief for a new doctor,synthetic_handcrafted
DEMO-0548,Dakota Demo 0548,1977-09-11,Asthma,Albuterol inhaler,No known allergies recorded,Asthma care review,2027-03-04,Running,Set a daily check-in preference,synthetic_handcrafted
DEMO-0549,Drew Demo 0549,1996-06-17,Type 2 diabetes,Metformin,No known allergies recorded,Diabetes follow-up,2027-01-28,Running,Set a daily check-in preference,synthetic_handcrafted
DEMO-0550,Reese Demo 0550,2003-03-05,Hypothyroidism,Levothyroxine,No known allergies recorded,Thyroid care follow-up,2027-03-26,Running,Prepare a travel medication summary,synthetic_handcrafted
DEMO-0551,Rowan Demo 0551,1989-09-04,No conditions recorded,No medications recorded,Sulfonamide antibiotics,Annual wellness visit,2026-12-12,Running,Set a daily check-in preference,synthetic_handcrafted
DEMO-0552,Robin Demo 0552,1983-04-16,Hypertension,Lisinopril,No known allergies recorded,Blood pressure follow-up,2027-02-03,Running,Set a daily check-in preference,synthetic_handcrafted
DEMO-0553,Avery Demo 0553,2000-08-06,Asthma,Albuterol inhaler,Sulfonamide antibiotics,Asthma care review,2026-12-13,Swimming,Prepare for a hackathon,synthetic_handcrafted
DEMO-0554,Riley Demo 0554,2001-12-12,Type 2 diabetes,Metformin,Peanuts,Diabetes follow-up,2027-03-05,Running,Prepare a travel medication summary,synthetic_handcrafted
DEMO-0555,Parker Demo 0555,1982-08-24,Hypothyroidism,Levothyroxine,Penicillin,Thyroid care follow-up,2026-12-02,Walking,Set a daily check-in preference,synthetic_handcrafted
DEMO-0556,Alex Demo 0556,1999-09-25,No conditions recorded,No medications recorded,Sulfonamide antibiotics,Annual wellness visit,2027-02-15,Cycling,Prepare for a hackathon,synthetic_handcrafted
DEMO-0557,Avery Demo 0557,1982-02-08,Hypertension,Lisinopril,Penicillin,Blood pressure follow-up,2026-12-16,Running,Set a daily check-in preference,synthetic_handcrafted
DEMO-0558,Avery Demo 0558,1985-01-19,Asthma,Albuterol inhaler,Peanuts,Asthma care review,2026-11-15,Running,Prepare a brief for a new doctor,synthetic_handcrafted
DEMO-0559,Drew Demo 0559,2003-08-04,Type 2 diabetes,Metformin,Penicillin,Diabetes follow-up,2026-10-19,Cycling,Prepare a travel medication summary,synthetic_handcrafted
DEMO-0560,Morgan Demo 0560,1982-10-11,Hypothyroidism,Levothyroxine,Peanuts,Thyroid care follow-up,2027-02-26,Cycling,Prepare a travel medication summary,synthetic_handcrafted
DEMO-0561,Avery Demo 0561,1978-08-08,No conditions recorded,No medications recorded,No known allergies recorded,Annual wellness visit,2026-12-08,Walking,Prepare for a hackathon,synthetic_handcrafted
DEMO-0562,Drew Demo 0562,1974-06-30,Hypertension,Lisinopril,Peanuts,Blood pressure follow-up,2027-03-28,Swimming,Set a daily check-in preference,synthetic_handcrafted
DEMO-0563,Alex Demo 0563,1994-12-24,Asthma,Albuterol inhaler,Peanuts,Asthma care review,2027-03-28,Swimming,Prepare for a hackathon,synthetic_handcrafted
DEMO-0564,Rowan Demo 0564,1978-01-21,Type 2 diabetes,Metformin,Penicillin,Diabetes follow-up,2026-11-04,Swimming,Prepare a brief for a new doctor,synthetic_handcrafted
DEMO-0565,Emerson Demo 0565,2005-09-13,Hypothyroidism,Levothyroxine,Sulfonamide antibiotics,Thyroid care follow-up,2027-02-07,Swimming,Prepare for a hackathon,synthetic_handcrafted
DEMO-0566,Finley Demo 0566,1987-02-25,No conditions recorded,No medications recorded,Sulfonamide antibiotics,Annual wellness visit,2026-12-21,Cycling,Prepare for a hackathon,synthetic_handcrafted
DEMO-0567,Finley Demo 0567,2003-03-18,Hypertension,Lisinopril,Peanuts,Blood pressure follow-up,2027-02-26,Walking,Set a daily check-in preference,synthetic_handcrafted
DEMO-0568,Casey Demo 0568,1982-03-05,Asthma,Albuterol inhaler,Peanuts,Asthma care review,2026-10-18,Cycling,Prepare a travel medication summary,synthetic_handcrafted
DEMO-0569,Skyler Demo 0569,1977-04-11,Type 2 diabetes,Metformin,Penicillin,Diabetes follow-up,2026-11-24,Cycling,Prepare a brief for a new doctor,synthetic_handcrafted
DEMO-0570,Rowan Demo 0570,1997-01-25,Hypothyroidism,Levothyroxine,Peanuts,Thyroid care follow-up,2026-10-29,Walking,Set a daily check-in preference,synthetic_handcrafted
DEMO-0571,Sage Demo 0571,1979-09-08,No conditions recorded,No medications recorded,Latex,Annual wellness visit,2027-03-19,Walking,Set a daily check-in preference,synthetic_handcrafted
DEMO-0572,Robin Demo 0572,1990-04-05,Hypertension,Lisinopril,Peanuts,Blood pressure follow-up,2026-11-01,Swimming,Prepare a travel medication summary,synthetic_handcrafted
DEMO-0573,Jordan Demo 0573,1991-06-10,Asthma,Albuterol inhaler,Peanuts,Asthma care review,2026-10-19,Swimming,Set a daily check-in preference,synthetic_handcrafted
DEMO-0574,Taylor Demo 0574,1971-04-17,Type 2 diabetes,Metformin,Penicillin,Diabetes follow-up,2027-01-22,Cycling,Set a daily check-in preference,synthetic_handcrafted
DEMO-0575,Casey Demo 0575,1985-08-28,Hypothyroidism,Levothyroxine,Peanuts,Thyroid care follow-up,2026-11-20,Running,Prepare a travel medication summary,synthetic_handcrafted
DEMO-0576,Cameron Demo 0576,1987-02-24,No conditions recorded,No medications recorded,Sulfonamide antibiotics,Annual wellness visit,2026-12-07,Swimming,Prepare a brief for a new doctor,synthetic_handcrafted
DEMO-0577,Riley Demo 0577,1977-09-08,Hypertension,Lisinopril,Sulfonamide antibiotics,Blood pressure follow-up,2027-01-23,Swimming,Prepare a travel medication summary,synthetic_handcrafted
DEMO-0578,Finley Demo 0578,1975-08-23,Asthma,Albuterol inhaler,Latex,Asthma care review,2026-11-25,Swimming,Prepare a brief for a new doctor,synthetic_handcrafted
DEMO-0579,Parker Demo 0579,1990-11-16,Type 2 diabetes,Metformin,Sulfonamide antibiotics,Diabetes follow-up,2026-12-28,Cycling,Set a daily check-in preference,synthetic_handcrafted
DEMO-0580,Riley Demo 0580,1970-03-12,Hypothyroidism,Levothyroxine,Peanuts,Thyroid care follow-up,2026-11-18,Running,Prepare a brief for a new doctor,synthetic_handcrafted
DEMO-0581,Parker Demo 0581,1998-12-08,No conditions recorded,No medications recorded,Penicillin,Annual wellness visit,2027-01-27,Cycling,Prepare a brief for a new doctor,synthetic_handcrafted
DEMO-0582,Finley Demo 0582,1991-12-22,Hypertension,Lisinopril,No known allergies recorded,Blood pressure follow-up,2026-11-07,Walking,Set a daily check-in preference,synthetic_handcrafted
DEMO-0583,Jamie Demo 0583,2004-10-09,Asthma,Albuterol inhaler,No known allergies recorded,Asthma care review,2026-11-12,Running,Prepare a travel medication summary,synthetic_handcrafted
DEMO-0584,Skyler Demo 0584,1988-08-29,Type 2 diabetes,Metformin,Peanuts,Diabetes follow-up,2027-03-20,Swimming,Prepare a travel medication summary,synthetic_handcrafted
DEMO-0585,Emerson Demo 0585,2007-09-25,Hypothyroidism,Levothyroxine,Penicillin,Thyroid care follow-up,2027-01-19,Walking,Prepare a brief for a new doctor,synthetic_handcrafted
DEMO-0586,Riley Demo 0586,1984-09-07,No conditions recorded,No medications recorded,Penicillin,Annual wellness visit,2026-12-08,Swimming,Prepare a travel medication summary,synthetic_handcrafted
DEMO-0587,Quinn Demo 0587,1973-09-27,Hypertension,Lisinopril,No known allergies recorded,Blood pressure follow-up,2027-03-11,Cycling,Set a daily check-in preference,synthetic_handcrafted
DEMO-0588,Emerson Demo 0588,2001-04-16,Asthma,Albuterol inhaler,No known allergies recorded,Asthma care review,2026-12-24,Cycling,Prepare a brief for a new doctor,synthetic_handcrafted
DEMO-0589,Cameron Demo 0589,1993-06-10,Type 2 diabetes,Metformin,Latex,Diabetes follow-up,2026-10-17,Running,Prepare a brief for a new doctor,synthetic_handcrafted
DEMO-0590,Alex Demo 0590,2001-02-16,Hypothyroidism,Levothyroxine,Peanuts,Thyroid care follow-up,2027-01-01,Walking,Prepare a travel medication summary,synthetic_handcrafted
DEMO-0591,Rowan Demo 0591,1977-12-10,No conditions recorded,No medications recorded,Penicillin,Annual wellness visit,2027-03-20,Swimming,Prepare a travel medication summary,synthetic_handcrafted
DEMO-0592,Taylor Demo 0592,1988-01-27,Hypertension,Lisinopril,Penicillin,Blood pressure follow-up,2027-02-06,Walking,Prepare a travel medication summary,synthetic_handcrafted
DEMO-0593,Taylor Demo 0593,1972-09-14,Asthma,Albuterol inhaler,No known allergies recorded,Asthma care review,2027-02-09,Swimming,Prepare for a hackathon,synthetic_handcrafted
DEMO-0594,Drew Demo 0594,2004-02-04,Type 2 diabetes,Metformin,Sulfonamide antibiotics,Diabetes follow-up,2027-01-17,Walking,Set a daily check-in preference,synthetic_handcrafted
DEMO-0595,Rowan Demo 0595,1991-02-22,Hypothyroidism,Levothyroxine,Latex,Thyroid care follow-up,2027-03-29,Walking,Prepare for a hackathon,synthetic_handcrafted
DEMO-0596,Robin Demo 0596,2000-01-19,No conditions recorded,No medications recorded,Peanuts,Annual wellness visit,2026-10-20,Running,Prepare a brief for a new doctor,synthetic_handcrafted
DEMO-0597,Rowan Demo 0597,1975-06-25,Hypertension,Lisinopril,Penicillin,Blood pressure follow-up,2027-01-02,Swimming,Prepare a brief for a new doctor,synthetic_handcrafted
DEMO-0598,Sage Demo 0598,1983-01-23,Asthma,Albuterol inhaler,Penicillin,Asthma care review,2027-03-25,Running,Prepare a travel medication summary,synthetic_handcrafted
DEMO-0599,Taylor Demo 0599,1998-04-24,Type 2 diabetes,Metformin,Latex,Diabetes follow-up,2027-01-29,Walking,Set a daily check-in preference,synthetic_handcrafted
DEMO-0600,Rowan Demo 0600,1983-10-03,Hypothyroidism,Levothyroxine,Latex,Thyroid care follow-up,2027-02-27,Walking,Set a daily check-in preference,synthetic_handcrafted
DEMO-0601,Casey Demo 0601,1970-10-16,No conditions recorded,No medications recorded,Peanuts,Annual wellness visit,2026-11-20,Cycling,Prepare a brief for a new doctor,synthetic_handcrafted
DEMO-0602,Jordan Demo 0602,1988-04-05,Hypertension,Lisinopril,No known allergies recorded,Blood pressure follow-up,2027-01-14,Walking,Prepare a brief for a new doctor,synthetic_handcrafted
DEMO-0603,Jamie Demo 0603,1970-11-27,Asthma,Albuterol inhaler,Penicillin,Asthma care review,2027-02-18,Running,Prepare a brief for a new doctor,synthetic_handcrafted
DEMO-0604,Taylor Demo 0604,2003-08-14,Type 2 diabetes,Metformin,Peanuts,Diabetes follow-up,2027-01-13,Cycling,Prepare for a hackathon,synthetic_handcrafted
DEMO-0605,Rowan Demo 0605,1983-10-17,Hypothyroidism,Levothyroxine,Peanuts,Thyroid care follow-up,2027-03-19,Running,Set a daily check-in preference,synthetic_handcrafted
DEMO-0606,Reese Demo 0606,1974-09-05,No conditions recorded,No medications recorded,Peanuts,Annual wellness visit,2027-02-21,Swimming,Set a daily check-in preference,synthetic_handcrafted
DEMO-0607,Avery Demo 0607,1979-02-27,Hypertension,Lisinopril,Latex,Blood pressure follow-up,2027-01-01,Running,Prepare a brief for a new doctor,synthetic_handcrafted
DEMO-0608,Jamie Demo 0608,1998-12-06,Asthma,Albuterol inhaler,Penicillin,Asthma care review,2026-11-21,Running,Prepare a travel medication summary,synthetic_handcrafted
DEMO-0609,Drew Demo 0609,1993-04-16,Type 2 diabetes,Metformin,Latex,Diabetes follow-up,2026-11-30,Walking,Set a daily check-in preference,synthetic_handcrafted
DEMO-0610,Jamie Demo 0610,2001-10-12,Hypothyroidism,Levothyroxine,Penicillin,Thyroid care follow-up,2027-03-12,Running,Prepare for a hackathon,synthetic_handcrafted
DEMO-0611,Casey Demo 0611,1991-01-08,No conditions recorded,No medications recorded,Penicillin,Annual wellness visit,2026-11-28,Walking,Prepare a brief for a new doctor,synthetic_handcrafted
DEMO-0612,Robin Demo 0612,1973-09-25,Hypertension,Lisinopril,Sulfonamide antibiotics,Blood pressure follow-up,2026-11-20,Running,Prepare a travel medication summary,synthetic_handcrafted
DEMO-0613,Sage Demo 0613,1970-03-04,Asthma,Albuterol inhaler,Sulfonamide antibiotics,Asthma care review,2027-03-06,Walking,Prepare a brief for a new doctor,synthetic_handcrafted
DEMO-0614,Jordan Demo 0614,1971-06-09,Type 2 diabetes,Metformin,Sulfonamide antibiotics,Diabetes follow-up,2027-02-23,Cycling,Prepare for a hackathon,synthetic_handcrafted
DEMO-0615,Cameron Demo 0615,1989-10-09,Hypothyroidism,Levothyroxine,Sulfonamide antibiotics,Thyroid care follow-up,2027-02-10,Swimming,Prepare a travel medication summary,synthetic_handcrafted
DEMO-0616,Jordan Demo 0616,1980-02-04,No conditions recorded,No medications recorded,No known allergies recorded,Annual wellness visit,2027-01-18,Walking,Set a daily check-in preference,synthetic_handcrafted
DEMO-0617,Riley Demo 0617,1983-02-14,Hypertension,Lisinopril,Sulfonamide antibiotics,Blood pressure follow-up,2026-11-16,Running,Prepare a brief for a new doctor,synthetic_handcrafted
DEMO-0618,Alex Demo 0618,1985-01-22,Asthma,Albuterol inhaler,Penicillin,Asthma care review,2027-04-01,Swimming,Set a daily check-in preference,synthetic_handcrafted
DEMO-0619,Dakota Demo 0619,1990-03-23,Type 2 diabetes,Metformin,Latex,Diabetes follow-up,2026-12-28,Running,Prepare a travel medication summary,synthetic_handcrafted
DEMO-0620,Finley Demo 0620,1991-07-05,Hypothyroidism,Levothyroxine,Sulfonamide antibiotics,Thyroid care follow-up,2027-03-15,Running,Set a daily check-in preference,synthetic_handcrafted
DEMO-0621,Emerson Demo 0621,1990-12-12,No conditions recorded,No medications recorded,Sulfonamide antibiotics,Annual wellness visit,2027-01-09,Swimming,Set a daily check-in preference,synthetic_handcrafted
DEMO-0622,Avery Demo 0622,2004-02-27,Hypertension,Lisinopril,Penicillin,Blood pressure follow-up,2027-02-22,Walking,Prepare a travel medication summary,synthetic_handcrafted
DEMO-0623,Riley Demo 0623,1973-07-12,Asthma,Albuterol inhaler,No known allergies recorded,Asthma care review,2026-10-31,Cycling,Prepare a travel medication summary,synthetic_handcrafted
DEMO-0624,Sage Demo 0624,1978-10-15,Type 2 diabetes,Metformin,No known allergies recorded,Diabetes follow-up,2027-03-10,Swimming,Prepare a brief for a new doctor,synthetic_handcrafted
DEMO-0625,Taylor Demo 0625,1982-10-25,Hypothyroidism,Levothyroxine,No known allergies recorded,Thyroid care follow-up,2026-11-21,Swimming,Prepare for a hackathon,synthetic_handcrafted
DEMO-0626,Jamie Demo 0626,1992-03-20,No conditions recorded,No medications recorded,Latex,Annual wellness visit,2027-01-31,Walking,Set a daily check-in preference,synthetic_handcrafted
DEMO-0627,Cameron Demo 0627,2006-12-09,Hypertension,Lisinopril,Peanuts,Blood pressure follow-up,2027-01-27,Walking,Prepare a travel medication summary,synthetic_handcrafted
DEMO-0628,Dakota Demo 0628,1993-07-23,Asthma,Albuterol inhaler,Sulfonamide antibiotics,Asthma care review,2027-01-22,Running,Set a daily check-in preference,synthetic_handcrafted
DEMO-0629,Jamie Demo 0629,1988-10-31,Type 2 diabetes,Metformin,Penicillin,Diabetes follow-up,2027-02-11,Running,Prepare for a hackathon,synthetic_handcrafted
DEMO-0630,Finley Demo 0630,1985-04-14,Hypothyroidism,Levothyroxine,No known allergies recorded,Thyroid care follow-up,2026-12-18,Cycling,Prepare for a hackathon,synthetic_handcrafted
DEMO-0631,Dakota Demo 0631,1986-04-20,No conditions recorded,No medications recorded,Penicillin,Annual wellness visit,2027-03-20,Swimming,Prepare a travel medication summary,synthetic_handcrafted
DEMO-0632,Finley Demo 0632,2005-04-03,Hypertension,Lisinopril,Sulfonamide antibiotics,Blood pressure follow-up,2026-11-11,Walking,Prepare a brief for a new doctor,synthetic_handcrafted
DEMO-0633,Skyler Demo 0633,1990-05-16,Asthma,Albuterol inhaler,Sulfonamide antibiotics,Asthma care review,2026-11-29,Walking,Prepare a brief for a new doctor,synthetic_handcrafted
DEMO-0634,Drew Demo 0634,1986-09-13,Type 2 diabetes,Metformin,No known allergies recorded,Diabetes follow-up,2027-01-29,Swimming,Prepare a brief for a new doctor,synthetic_handcrafted
DEMO-0635,Dakota Demo 0635,1996-08-03,Hypothyroidism,Levothyroxine,Penicillin,Thyroid care follow-up,2026-11-05,Running,Prepare a travel medication summary,synthetic_handcrafted
DEMO-0636,Parker Demo 0636,1970-10-17,No conditions recorded,No medications recorded,Latex,Annual wellness visit,2027-03-11,Swimming,Prepare for a hackathon,synthetic_handcrafted
DEMO-0637,Quinn Demo 0637,2006-04-26,Hypertension,Lisinopril,Latex,Blood pressure follow-up,2027-01-22,Swimming,Set a daily check-in preference,synthetic_handcrafted
DEMO-0638,Riley Demo 0638,2007-08-21,Asthma,Albuterol inhaler,No known allergies recorded,Asthma care review,2027-03-13,Cycling,Prepare a travel medication summary,synthetic_handcrafted
DEMO-0639,Emerson Demo 0639,1976-04-20,Type 2 diabetes,Metformin,Penicillin,Diabetes follow-up,2026-11-07,Swimming,Prepare for a hackathon,synthetic_handcrafted
DEMO-0640,Cameron Demo 0640,1984-03-29,Hypothyroidism,Levothyroxine,No known allergies recorded,Thyroid care follow-up,2026-10-12,Running,Set a daily check-in preference,synthetic_handcrafted
DEMO-0641,Morgan Demo 0641,2004-12-03,No conditions recorded,No medications recorded,No known allergies recorded,Annual wellness visit,2027-01-05,Running,Prepare a brief for a new doctor,synthetic_handcrafted
DEMO-0642,Quinn Demo 0642,1976-09-23,Hypertension,Lisinopril,Sulfonamide antibiotics,Blood pressure follow-up,2026-11-28,Walking,Prepare for a hackathon,synthetic_handcrafted
DEMO-0643,Reese Demo 0643,1974-10-18,Asthma,Albuterol inhaler,Sulfonamide antibiotics,Asthma care review,2027-01-11,Running,Prepare a brief for a new doctor,synthetic_handcrafted
DEMO-0644,Jordan Demo 0644,1977-06-26,Type 2 diabetes,Metformin,Latex,Diabetes follow-up,2026-11-19,Running,Set a daily check-in preference,synthetic_handcrafted
DEMO-0645,Avery Demo 0645,1975-12-20,Hypothyroidism,Levothyroxine,Penicillin,Thyroid care follow-up,2027-01-15,Swimming,Set a daily check-in preference,synthetic_handcrafted
DEMO-0646,Cameron Demo 0646,2001-06-19,No conditions recorded,No medications recorded,Sulfonamide antibiotics,Annual wellness visit,2027-03-05,Swimming,Prepare a brief for a new doctor,synthetic_handcrafted
DEMO-0647,Reese Demo 0647,1981-11-13,Hypertension,Lisinopril,Sulfonamide antibiotics,Blood pressure follow-up,2026-11-23,Running,Prepare a travel medication summary,synthetic_handcrafted
DEMO-0648,Drew Demo 0648,1982-08-22,Asthma,Albuterol inhaler,Penicillin,Asthma care review,2026-12-29,Running,Prepare a brief for a new doctor,synthetic_handcrafted
DEMO-0649,Morgan Demo 0649,1996-06-03,Type 2 diabetes,Metformin,Sulfonamide antibiotics,Diabetes follow-up,2026-10-24,Walking,Prepare for a hackathon,synthetic_handcrafted
DEMO-0650,Cameron Demo 0650,2005-06-18,Hypothyroidism,Levothyroxine,Peanuts,Thyroid care follow-up,2026-12-19,Cycling,Set a daily check-in preference,synthetic_handcrafted
DEMO-0651,Finley Demo 0651,1980-04-12,No conditions recorded,No medications recorded,Penicillin,Annual wellness visit,2027-03-05,Cycling,Prepare a travel medication summary,synthetic_handcrafted
DEMO-0652,Jordan Demo 0652,1983-02-09,Hypertension,Lisinopril,Penicillin,Blood pressure follow-up,2027-01-17,Cycling,Prepare for a hackathon,synthetic_handcrafted
DEMO-0653,Parker Demo 0653,1983-01-30,Asthma,Albuterol inhaler,No known allergies recorded,Asthma care review,2026-12-20,Running,Prepare a travel medication summary,synthetic_handcrafted
DEMO-0654,Reese Demo 0654,2003-07-09,Type 2 diabetes,Metformin,Peanuts,Diabetes follow-up,2026-11-09,Swimming,Prepare for a hackathon,synthetic_handcrafted
DEMO-0655,Cameron Demo 0655,2007-12-17,Hypothyroidism,Levothyroxine,No known allergies recorded,Thyroid care follow-up,2026-12-24,Running,Prepare a brief for a new doctor,synthetic_handcrafted
DEMO-0656,Avery Demo 0656,1976-07-13,No conditions recorded,No medications recorded,Penicillin,Annual wellness visit,2027-01-01,Cycling,Set a daily check-in preference,synthetic_handcrafted
DEMO-0657,Dakota Demo 0657,1982-02-14,Hypertension,Lisinopril,Peanuts,Blood pressure follow-up,2026-12-12,Cycling,Set a daily check-in preference,synthetic_handcrafted
DEMO-0658,Jordan Demo 0658,1995-08-24,Asthma,Albuterol inhaler,Peanuts,Asthma care review,2026-12-02,Swimming,Prepare a travel medication summary,synthetic_handcrafted
DEMO-0659,Drew Demo 0659,1993-03-19,Type 2 diabetes,Metformin,Peanuts,Diabetes follow-up,2027-01-12,Running,Prepare a brief for a new doctor,synthetic_handcrafted
DEMO-0660,Robin Demo 0660,1995-10-02,Hypothyroidism,Levothyroxine,No known allergies recorded,Thyroid care follow-up,2027-03-27,Cycling,Prepare for a hackathon,synthetic_handcrafted
DEMO-0661,Reese Demo 0661,1993-05-11,No conditions recorded,No medications recorded,Penicillin,Annual wellness visit,2027-03-28,Walking,Prepare a brief for a new doctor,synthetic_handcrafted
DEMO-0662,Quinn Demo 0662,2007-02-19,Hypertension,Lisinopril,Latex,Blood pressure follow-up,2027-01-23,Swimming,Prepare a brief for a new doctor,synthetic_handcrafted
DEMO-0663,Parker Demo 0663,1983-04-04,Asthma,Albuterol inhaler,Latex,Asthma care review,2026-11-01,Cycling,Prepare for a hackathon,synthetic_handcrafted
DEMO-0664,Morgan Demo 0664,1980-09-22,Type 2 diabetes,Metformin,Latex,Diabetes follow-up,2027-03-17,Swimming,Prepare a travel medication summary,synthetic_handcrafted
DEMO-0665,Jordan Demo 0665,1976-07-25,Hypothyroidism,Levothyroxine,Latex,Thyroid care follow-up,2027-03-05,Running,Prepare a travel medication summary,synthetic_handcrafted
DEMO-0666,Drew Demo 0666,1986-05-03,No conditions recorded,No medications recorded,Sulfonamide antibiotics,Annual wellness visit,2027-04-01,Running,Prepare a travel medication summary,synthetic_handcrafted
DEMO-0667,Alex Demo 0667,1975-08-31,Hypertension,Lisinopril,No known allergies recorded,Blood pressure follow-up,2026-12-14,Running,Prepare for a hackathon,synthetic_handcrafted
DEMO-0668,Jamie Demo 0668,2005-03-30,Asthma,Albuterol inhaler,No known allergies recorded,Asthma care review,2026-11-20,Swimming,Prepare for a hackathon,synthetic_handcrafted
DEMO-0669,Drew Demo 0669,1974-05-19,Type 2 diabetes,Metformin,Penicillin,Diabetes follow-up,2026-10-20,Swimming,Prepare for a hackathon,synthetic_handcrafted
DEMO-0670,Parker Demo 0670,1972-09-15,Hypothyroidism,Levothyroxine,Penicillin,Thyroid care follow-up,2027-01-12,Cycling,Prepare for a hackathon,synthetic_handcrafted
DEMO-0671,Jordan Demo 0671,1977-04-11,No conditions recorded,No medications recorded,No known allergies recorded,Annual wellness visit,2026-11-28,Running,Prepare a brief for a new doctor,synthetic_handcrafted
DEMO-0672,Alex Demo 0672,1977-04-07,Hypertension,Lisinopril,Penicillin,Blood pressure follow-up,2027-03-08,Walking,Prepare a travel medication summary,synthetic_handcrafted
DEMO-0673,Alex Demo 0673,1974-12-21,Asthma,Albuterol inhaler,Penicillin,Asthma care review,2026-11-29,Running,Prepare a brief for a new doctor,synthetic_handcrafted
DEMO-0674,Cameron Demo 0674,1970-08-20,Type 2 diabetes,Metformin,Peanuts,Diabetes follow-up,2027-01-11,Running,Prepare for a hackathon,synthetic_handcrafted
DEMO-0675,Taylor Demo 0675,1983-11-11,Hypothyroidism,Levothyroxine,Penicillin,Thyroid care follow-up,2026-10-24,Cycling,Prepare a brief for a new doctor,synthetic_handcrafted
DEMO-0676,Jordan Demo 0676,2005-01-14,No conditions recorded,No medications recorded,Peanuts,Annual wellness visit,2027-02-10,Swimming,Prepare a brief for a new doctor,synthetic_handcrafted
DEMO-0677,Skyler Demo 0677,1974-08-10,Hypertension,Lisinopril,Latex,Blood pressure follow-up,2027-02-23,Cycling,Prepare a brief for a new doctor,synthetic_handcrafted
DEMO-0678,Quinn Demo 0678,2001-11-09,Asthma,Albuterol inhaler,Latex,Asthma care review,2027-01-08,Cycling,Set a daily check-in preference,synthetic_handcrafted
DEMO-0679,Reese Demo 0679,1980-09-24,Type 2 diabetes,Metformin,Peanuts,Diabetes follow-up,2026-11-20,Walking,Set a daily check-in preference,synthetic_handcrafted
DEMO-0680,Avery Demo 0680,2003-02-11,Hypothyroidism,Levothyroxine,No known allergies recorded,Thyroid care follow-up,2027-01-04,Walking,Prepare for a hackathon,synthetic_handcrafted
DEMO-0681,Rowan Demo 0681,1993-08-15,No conditions recorded,No medications recorded,Peanuts,Annual wellness visit,2027-02-25,Cycling,Prepare for a hackathon,synthetic_handcrafted
DEMO-0682,Casey Demo 0682,1994-09-09,Hypertension,Lisinopril,No known allergies recorded,Blood pressure follow-up,2026-11-24,Swimming,Set a daily check-in preference,synthetic_handcrafted
DEMO-0683,Sage Demo 0683,1991-11-11,Asthma,Albuterol inhaler,Sulfonamide antibiotics,Asthma care review,2026-12-11,Cycling,Prepare a brief for a new doctor,synthetic_handcrafted
DEMO-0684,Jamie Demo 0684,2007-11-09,Type 2 diabetes,Metformin,Peanuts,Diabetes follow-up,2027-01-20,Cycling,Prepare a travel medication summary,synthetic_handcrafted
DEMO-0685,Drew Demo 0685,1998-08-27,Hypothyroidism,Levothyroxine,Penicillin,Thyroid care follow-up,2027-03-01,Swimming,Prepare a travel medication summary,synthetic_handcrafted
DEMO-0686,Morgan Demo 0686,1991-08-04,No conditions recorded,No medications recorded,No known allergies recorded,Annual wellness visit,2027-02-19,Running,Prepare a travel medication summary,synthetic_handcrafted
DEMO-0687,Finley Demo 0687,1988-02-03,Hypertension,Lisinopril,Latex,Blood pressure follow-up,2027-03-12,Cycling,Prepare a travel medication summary,synthetic_handcrafted
DEMO-0688,Morgan Demo 0688,1980-04-11,Asthma,Albuterol inhaler,Penicillin,Asthma care review,2027-03-25,Running,Prepare a brief for a new doctor,synthetic_handcrafted
DEMO-0689,Sage Demo 0689,1987-01-07,Type 2 diabetes,Metformin,Penicillin,Diabetes follow-up,2027-02-28,Running,Prepare a brief for a new doctor,synthetic_handcrafted
DEMO-0690,Avery Demo 0690,2006-08-16,Hypothyroidism,Levothyroxine,Latex,Thyroid care follow-up,2027-02-17,Swimming,Set a daily check-in preference,synthetic_handcrafted
DEMO-0691,Riley Demo 0691,1992-09-10,No conditions recorded,No medications recorded,Sulfonamide antibiotics,Annual wellness visit,2026-12-03,Swimming,Prepare for a hackathon,synthetic_handcrafted
DEMO-0692,Drew Demo 0692,1980-04-30,Hypertension,Lisinopril,Sulfonamide antibiotics,Blood pressure follow-up,2027-03-28,Cycling,Prepare for a hackathon,synthetic_handcrafted
DEMO-0693,Morgan Demo 0693,1979-03-16,Asthma,Albuterol inhaler,Sulfonamide antibiotics,Asthma care review,2027-03-30,Cycling,Prepare a brief for a new doctor,synthetic_handcrafted
DEMO-0694,Avery Demo 0694,2001-01-11,Type 2 diabetes,Metformin,Sulfonamide antibiotics,Diabetes follow-up,2026-11-21,Running,Prepare a brief for a new doctor,synthetic_handcrafted
DEMO-0695,Quinn Demo 0695,1988-11-01,Hypothyroidism,Levothyroxine,No known allergies recorded,Thyroid care follow-up,2027-01-08,Cycling,Prepare for a hackathon,synthetic_handcrafted
DEMO-0696,Jordan Demo 0696,2004-12-14,No conditions recorded,No medications recorded,Latex,Annual wellness visit,2026-10-12,Swimming,Prepare a brief for a new doctor,synthetic_handcrafted
DEMO-0697,Quinn Demo 0697,1986-05-05,Hypertension,Lisinopril,Sulfonamide antibiotics,Blood pressure follow-up,2027-03-13,Walking,Prepare a travel medication summary,synthetic_handcrafted
DEMO-0698,Skyler Demo 0698,1975-05-06,Asthma,Albuterol inhaler,Peanuts,Asthma care review,2026-10-23,Swimming,Prepare a travel medication summary,synthetic_handcrafted
DEMO-0699,Sage Demo 0699,1977-12-17,Type 2 diabetes,Metformin,Peanuts,Diabetes follow-up,2027-01-26,Running,Prepare a brief for a new doctor,synthetic_handcrafted
DEMO-0700,Robin Demo 0700,1982-12-16,Hypothyroidism,Levothyroxine,No known allergies recorded,Thyroid care follow-up,2027-01-01,Walking,Prepare for a hackathon,synthetic_handcrafted
DEMO-0701,Jamie Demo 0701,1990-04-07,No conditions recorded,No medications recorded,Latex,Annual wellness visit,2027-03-23,Walking,Set a daily check-in preference,synthetic_handcrafted
DEMO-0702,Cameron Demo 0702,1972-01-27,Hypertension,Lisinopril,Penicillin,Blood pressure follow-up,2026-10-23,Swimming,Prepare a brief for a new doctor,synthetic_handcrafted
DEMO-0703,Taylor Demo 0703,1995-04-19,Asthma,Albuterol inhaler,Sulfonamide antibiotics,Asthma care review,2027-03-28,Swimming,Set a daily check-in preference,synthetic_handcrafted
DEMO-0704,Dakota Demo 0704,1974-09-10,Type 2 diabetes,Metformin,Latex,Diabetes follow-up,2027-01-15,Swimming,Prepare a brief for a new doctor,synthetic_handcrafted
DEMO-0705,Skyler Demo 0705,1971-12-16,Hypothyroidism,Levothyroxine,Latex,Thyroid care follow-up,2026-11-07,Walking,Prepare a travel medication summary,synthetic_handcrafted
DEMO-0706,Drew Demo 0706,1976-05-15,No conditions recorded,No medications recorded,Latex,Annual wellness visit,2027-03-10,Walking,Set a daily check-in preference,synthetic_handcrafted
DEMO-0707,Avery Demo 0707,1971-06-20,Hypertension,Lisinopril,Penicillin,Blood pressure follow-up,2027-02-22,Walking,Set a daily check-in preference,synthetic_handcrafted
DEMO-0708,Reese Demo 0708,1975-10-09,Asthma,Albuterol inhaler,Sulfonamide antibiotics,Asthma care review,2027-02-07,Swimming,Prepare for a hackathon,synthetic_handcrafted
DEMO-0709,Parker Demo 0709,1990-05-17,Type 2 diabetes,Metformin,Sulfonamide antibiotics,Diabetes follow-up,2027-02-13,Cycling,Prepare a travel medication summary,synthetic_handcrafted
DEMO-0710,Alex Demo 0710,1975-02-08,Hypothyroidism,Levothyroxine,No known allergies recorded,Thyroid care follow-up,2026-11-28,Swimming,Prepare a travel medication summary,synthetic_handcrafted
DEMO-0711,Morgan Demo 0711,1981-12-20,No conditions recorded,No medications recorded,Sulfonamide antibiotics,Annual wellness visit,2027-02-25,Running,Set a daily check-in preference,synthetic_handcrafted
DEMO-0712,Morgan Demo 0712,1986-09-20,Hypertension,Lisinopril,Sulfonamide antibiotics,Blood pressure follow-up,2027-02-01,Swimming,Prepare a brief for a new doctor,synthetic_handcrafted
DEMO-0713,Taylor Demo 0713,2000-12-16,Asthma,Albuterol inhaler,Penicillin,Asthma care review,2027-03-03,Walking,Set a daily check-in preference,synthetic_handcrafted
DEMO-0714,Jordan Demo 0714,1991-06-14,Type 2 diabetes,Metformin,Penicillin,Diabetes follow-up,2027-01-16,Swimming,Prepare a brief for a new doctor,synthetic_handcrafted
DEMO-0715,Cameron Demo 0715,1986-10-29,Hypothyroidism,Levothyroxine,No known allergies recorded,Thyroid care follow-up,2026-12-17,Running,Prepare a travel medication summary,synthetic_handcrafted
DEMO-0716,Taylor Demo 0716,1974-09-05,No conditions recorded,No medications recorded,Latex,Annual wellness visit,2026-10-18,Walking,Prepare a brief for a new doctor,synthetic_handcrafted
DEMO-0717,Parker Demo 0717,1993-02-21,Hypertension,Lisinopril,Sulfonamide antibiotics,Blood pressure follow-up,2027-02-21,Swimming,Prepare a brief for a new doctor,synthetic_handcrafted
DEMO-0718,Jordan Demo 0718,1976-12-20,Asthma,Albuterol inhaler,Peanuts,Asthma care review,2027-01-27,Running,Prepare a travel medication summary,synthetic_handcrafted
DEMO-0719,Avery Demo 0719,1982-07-01,Type 2 diabetes,Metformin,No known allergies recorded,Diabetes follow-up,2026-11-26,Swimming,Set a daily check-in preference,synthetic_handcrafted
DEMO-0720,Riley Demo 0720,1979-08-09,Hypothyroidism,Levothyroxine,Peanuts,Thyroid care follow-up,2026-12-27,Swimming,Prepare a travel medication summary,synthetic_handcrafted
DEMO-0721,Emerson Demo 0721,1999-01-19,No conditions recorded,No medications recorded,Penicillin,Annual wellness visit,2027-03-13,Swimming,Prepare a brief for a new doctor,synthetic_handcrafted
DEMO-0722,Cameron Demo 0722,1995-06-18,Hypertension,Lisinopril,Latex,Blood pressure follow-up,2027-02-14,Swimming,Prepare a travel medication summary,synthetic_handcrafted
DEMO-0723,Dakota Demo 0723,1983-12-22,Asthma,Albuterol inhaler,Penicillin,Asthma care review,2027-02-28,Walking,Prepare for a hackathon,synthetic_handcrafted
DEMO-0724,Alex Demo 0724,2001-03-13,Type 2 diabetes,Metformin,Penicillin,Diabetes follow-up,2027-01-15,Swimming,Prepare a brief for a new doctor,synthetic_handcrafted
DEMO-0725,Avery Demo 0725,1999-02-09,Hypothyroidism,Levothyroxine,Latex,Thyroid care follow-up,2027-02-14,Running,Prepare a brief for a new doctor,synthetic_handcrafted
DEMO-0726,Morgan Demo 0726,1989-02-17,No conditions recorded,No medications recorded,Penicillin,Annual wellness visit,2027-02-13,Running,Set a daily check-in preference,synthetic_handcrafted
DEMO-0727,Sage Demo 0727,1991-07-02,Hypertension,Lisinopril,Penicillin,Blood pressure follow-up,2027-01-01,Swimming,Prepare a brief for a new doctor,synthetic_handcrafted
DEMO-0728,Casey Demo 0728,1992-05-11,Asthma,Albuterol inhaler,Sulfonamide antibiotics,Asthma care review,2026-11-13,Running,Prepare a brief for a new doctor,synthetic_handcrafted
DEMO-0729,Drew Demo 0729,1990-02-05,Type 2 diabetes,Metformin,No known allergies recorded,Diabetes follow-up,2027-01-02,Cycling,Prepare a brief for a new doctor,synthetic_handcrafted
DEMO-0730,Casey Demo 0730,1989-07-21,Hypothyroidism,Levothyroxine,Latex,Thyroid care follow-up,2027-01-15,Swimming,Set a daily check-in preference,synthetic_handcrafted
DEMO-0731,Parker Demo 0731,2006-07-08,No conditions recorded,No medications recorded,Peanuts,Annual wellness visit,2026-12-27,Walking,Prepare a travel medication summary,synthetic_handcrafted
DEMO-0732,Quinn Demo 0732,1986-12-21,Hypertension,Lisinopril,Peanuts,Blood pressure follow-up,2027-01-05,Running,Prepare a travel medication summary,synthetic_handcrafted
DEMO-0733,Emerson Demo 0733,1989-05-19,Asthma,Albuterol inhaler,No known allergies recorded,Asthma care review,2026-12-16,Swimming,Prepare a brief for a new doctor,synthetic_handcrafted
DEMO-0734,Riley Demo 0734,1980-12-24,Type 2 diabetes,Metformin,Peanuts,Diabetes follow-up,2027-02-08,Swimming,Prepare a travel medication summary,synthetic_handcrafted
DEMO-0735,Casey Demo 0735,1994-06-01,Hypothyroidism,Levothyroxine,Sulfonamide antibiotics,Thyroid care follow-up,2026-12-09,Swimming,Prepare for a hackathon,synthetic_handcrafted
DEMO-0736,Finley Demo 0736,1994-01-26,No conditions recorded,No medications recorded,No known allergies recorded,Annual wellness visit,2026-12-25,Running,Prepare a travel medication summary,synthetic_handcrafted
DEMO-0737,Jordan Demo 0737,1978-03-20,Hypertension,Lisinopril,Latex,Blood pressure follow-up,2027-03-14,Running,Set a daily check-in preference,synthetic_handcrafted
DEMO-0738,Skyler Demo 0738,1993-01-10,Asthma,Albuterol inhaler,Peanuts,Asthma care review,2027-02-25,Cycling,Prepare for a hackathon,synthetic_handcrafted
DEMO-0739,Quinn Demo 0739,1994-10-24,Type 2 diabetes,Metformin,Penicillin,Diabetes follow-up,2027-03-17,Swimming,Prepare for a hackathon,synthetic_handcrafted
DEMO-0740,Reese Demo 0740,1987-06-19,Hypothyroidism,Levothyroxine,Latex,Thyroid care follow-up,2026-12-06,Swimming,Prepare a brief for a new doctor,synthetic_handcrafted
DEMO-0741,Cameron Demo 0741,1971-09-01,No conditions recorded,No medications recorded,Penicillin,Annual wellness visit,2027-04-02,Cycling,Prepare a brief for a new doctor,synthetic_handcrafted
DEMO-0742,Reese Demo 0742,2004-03-02,Hypertension,Lisinopril,Peanuts,Blood pressure follow-up,2026-11-20,Cycling,Prepare for a hackathon,synthetic_handcrafted
DEMO-0743,Finley Demo 0743,1971-03-15,Asthma,Albuterol inhaler,Sulfonamide antibiotics,Asthma care review,2026-11-19,Running,Prepare a travel medication summary,synthetic_handcrafted
DEMO-0744,Casey Demo 0744,1976-08-26,Type 2 diabetes,Metformin,Peanuts,Diabetes follow-up,2026-12-06,Walking,Prepare a brief for a new doctor,synthetic_handcrafted
DEMO-0745,Finley Demo 0745,1988-12-26,Hypothyroidism,Levothyroxine,Penicillin,Thyroid care follow-up,2026-11-18,Walking,Prepare a brief for a new doctor,synthetic_handcrafted
DEMO-0746,Skyler Demo 0746,1996-04-30,No conditions recorded,No medications recorded,Latex,Annual wellness visit,2026-10-27,Walking,Set a daily check-in preference,synthetic_handcrafted
DEMO-0747,Riley Demo 0747,1994-10-31,Hypertension,Lisinopril,Sulfonamide antibiotics,Blood pressure follow-up,2027-01-15,Running,Prepare for a hackathon,synthetic_handcrafted
DEMO-0748,Finley Demo 0748,1974-01-30,Asthma,Albuterol inhaler,No known allergies recorded,Asthma care review,2027-02-08,Running,Prepare for a hackathon,synthetic_handcrafted
DEMO-0749,Cameron Demo 0749,1998-06-22,Type 2 diabetes,Metformin,Penicillin,Diabetes follow-up,2026-12-06,Swimming,Prepare a brief for a new doctor,synthetic_handcrafted
DEMO-0750,Reese Demo 0750,1981-01-23,Hypothyroidism,Levothyroxine,Latex,Thyroid care follow-up,2026-11-15,Running,Prepare a travel medication summary,synthetic_handcrafted
DEMO-0751,Morgan Demo 0751,2006-12-27,No conditions recorded,No medications recorded,Sulfonamide antibiotics,Annual wellness visit,2026-12-16,Walking,Prepare a brief for a new doctor,synthetic_handcrafted
DEMO-0752,Quinn Demo 0752,1997-09-21,Hypertension,Lisinopril,Latex,Blood pressure follow-up,2027-01-04,Running,Prepare for a hackathon,synthetic_handcrafted
DEMO-0753,Alex Demo 0753,1991-12-19,Asthma,Albuterol inhaler,Penicillin,Asthma care review,2027-01-18,Swimming,Prepare a travel medication summary,synthetic_handcrafted
DEMO-0754,Avery Demo 0754,1976-06-25,Type 2 diabetes,Metformin,Latex,Diabetes follow-up,2027-01-31,Cycling,Prepare a travel medication summary,synthetic_handcrafted
DEMO-0755,Quinn Demo 0755,1971-04-28,Hypothyroidism,Levothyroxine,Sulfonamide antibiotics,Thyroid care follow-up,2026-10-17,Swimming,Prepare a travel medication summary,synthetic_handcrafted
DEMO-0756,Finley Demo 0756,1980-08-07,No conditions recorded,No medications recorded,No known allergies recorded,Annual wellness visit,2026-11-04,Running,Prepare a travel medication summary,synthetic_handcrafted
DEMO-0757,Taylor Demo 0757,1986-02-23,Hypertension,Lisinopril,No known allergies recorded,Blood pressure follow-up,2027-02-02,Cycling,Set a daily check-in preference,synthetic_handcrafted
DEMO-0758,Cameron Demo 0758,1995-08-15,Asthma,Albuterol inhaler,Sulfonamide antibiotics,Asthma care review,2027-03-06,Running,Prepare a brief for a new doctor,synthetic_handcrafted
DEMO-0759,Taylor Demo 0759,1970-04-08,Type 2 diabetes,Metformin,Latex,Diabetes follow-up,2027-03-27,Running,Prepare a brief for a new doctor,synthetic_handcrafted
DEMO-0760,Reese Demo 0760,1996-03-20,Hypothyroidism,Levothyroxine,Latex,Thyroid care follow-up,2027-02-28,Walking,Prepare a brief for a new doctor,synthetic_handcrafted
DEMO-0761,Casey Demo 0761,1992-05-18,No conditions recorded,No medications recorded,No known allergies recorded,Annual wellness visit,2026-12-09,Walking,Prepare a travel medication summary,synthetic_handcrafted
DEMO-0762,Jamie Demo 0762,1999-12-17,Hypertension,Lisinopril,Peanuts,Blood pressure follow-up,2026-12-05,Running,Prepare a travel medication summary,synthetic_handcrafted
DEMO-0763,Drew Demo 0763,1978-05-19,Asthma,Albuterol inhaler,Sulfonamide antibiotics,Asthma care review,2026-12-22,Swimming,Set a daily check-in preference,synthetic_handcrafted
DEMO-0764,Jamie Demo 0764,1988-03-30,Type 2 diabetes,Metformin,Sulfonamide antibiotics,Diabetes follow-up,2026-11-17,Walking,Prepare for a hackathon,synthetic_handcrafted
DEMO-0765,Cameron Demo 0765,1971-08-15,Hypothyroidism,Levothyroxine,Sulfonamide antibiotics,Thyroid care follow-up,2027-03-26,Swimming,Prepare for a hackathon,synthetic_handcrafted
DEMO-0766,Robin Demo 0766,2002-06-08,No conditions recorded,No medications recorded,Penicillin,Annual wellness visit,2027-01-04,Running,Prepare for a hackathon,synthetic_handcrafted
DEMO-0767,Finley Demo 0767,1971-10-04,Hypertension,Lisinopril,Sulfonamide antibiotics,Blood pressure follow-up,2027-03-02,Walking,Set a daily check-in preference,synthetic_handcrafted
DEMO-0768,Dakota Demo 0768,2002-09-09,Asthma,Albuterol inhaler,Peanuts,Asthma care review,2026-10-27,Running,Set a daily check-in preference,synthetic_handcrafted
DEMO-0769,Finley Demo 0769,1985-11-03,Type 2 diabetes,Metformin,No known allergies recorded,Diabetes follow-up,2027-03-06,Cycling,Prepare a travel medication summary,synthetic_handcrafted
DEMO-0770,Riley Demo 0770,1998-10-03,Hypothyroidism,Levothyroxine,Penicillin,Thyroid care follow-up,2027-01-27,Cycling,Prepare for a hackathon,synthetic_handcrafted
DEMO-0771,Sage Demo 0771,1970-05-19,No conditions recorded,No medications recorded,Penicillin,Annual wellness visit,2026-10-11,Swimming,Prepare a brief for a new doctor,synthetic_handcrafted
DEMO-0772,Casey Demo 0772,1976-03-22,Hypertension,Lisinopril,No known allergies recorded,Blood pressure follow-up,2027-02-19,Cycling,Prepare a brief for a new doctor,synthetic_handcrafted
DEMO-0773,Rowan Demo 0773,2000-01-10,Asthma,Albuterol inhaler,Peanuts,Asthma care review,2027-01-28,Walking,Prepare for a hackathon,synthetic_handcrafted
DEMO-0774,Reese Demo 0774,1993-08-02,Type 2 diabetes,Metformin,Peanuts,Diabetes follow-up,2027-03-22,Walking,Prepare a brief for a new doctor,synthetic_handcrafted
DEMO-0775,Rowan Demo 0775,1988-07-06,Hypothyroidism,Levothyroxine,Penicillin,Thyroid care follow-up,2027-03-01,Swimming,Prepare a brief for a new doctor,synthetic_handcrafted
DEMO-0776,Skyler Demo 0776,2000-06-17,No conditions recorded,No medications recorded,Sulfonamide antibiotics,Annual wellness visit,2026-12-12,Running,Prepare for a hackathon,synthetic_handcrafted
DEMO-0777,Cameron Demo 0777,2000-06-08,Hypertension,Lisinopril,No known allergies recorded,Blood pressure follow-up,2027-01-04,Running,Prepare a brief for a new doctor,synthetic_handcrafted
DEMO-0778,Skyler Demo 0778,1978-09-09,Asthma,Albuterol inhaler,Penicillin,Asthma care review,2027-02-09,Walking,Prepare for a hackathon,synthetic_handcrafted
DEMO-0779,Finley Demo 0779,1988-07-27,Type 2 diabetes,Metformin,Latex,Diabetes follow-up,2027-01-16,Cycling,Set a daily check-in preference,synthetic_handcrafted
DEMO-0780,Taylor Demo 0780,1970-02-19,Hypothyroidism,Levothyroxine,Peanuts,Thyroid care follow-up,2027-03-25,Cycling,Prepare a travel medication summary,synthetic_handcrafted
DEMO-0781,Drew Demo 0781,1989-11-14,No conditions recorded,No medications recorded,Penicillin,Annual wellness visit,2026-10-20,Cycling,Prepare a brief for a new doctor,synthetic_handcrafted
DEMO-0782,Skyler Demo 0782,2000-08-30,Hypertension,Lisinopril,Penicillin,Blood pressure follow-up,2027-03-22,Walking,Set a daily check-in preference,synthetic_handcrafted
DEMO-0783,Rowan Demo 0783,1972-01-03,Asthma,Albuterol inhaler,Latex,Asthma care review,2026-12-19,Walking,Prepare a travel medication summary,synthetic_handcrafted
DEMO-0784,Cameron Demo 0784,2001-06-26,Type 2 diabetes,Metformin,No known allergies recorded,Diabetes follow-up,2027-02-19,Walking,Set a daily check-in preference,synthetic_handcrafted
DEMO-0785,Jamie Demo 0785,2000-07-21,Hypothyroidism,Levothyroxine,Peanuts,Thyroid care follow-up,2026-10-17,Running,Set a daily check-in preference,synthetic_handcrafted
DEMO-0786,Dakota Demo 0786,1993-12-08,No conditions recorded,No medications recorded,No known allergies recorded,Annual wellness visit,2026-10-12,Running,Prepare a brief for a new doctor,synthetic_handcrafted
DEMO-0787,Reese Demo 0787,1981-12-22,Hypertension,Lisinopril,Latex,Blood pressure follow-up,2026-11-15,Swimming,Prepare a brief for a new doctor,synthetic_handcrafted
DEMO-0788,Skyler Demo 0788,1999-06-07,Asthma,Albuterol inhaler,Penicillin,Asthma care review,2026-11-10,Cycling,Prepare a brief for a new doctor,synthetic_handcrafted
DEMO-0789,Drew Demo 0789,1971-07-24,Type 2 diabetes,Metformin,Sulfonamide antibiotics,Diabetes follow-up,2026-12-23,Swimming,Prepare for a hackathon,synthetic_handcrafted
DEMO-0790,Quinn Demo 0790,1991-05-08,Hypothyroidism,Levothyroxine,Penicillin,Thyroid care follow-up,2027-03-17,Cycling,Prepare a brief for a new doctor,synthetic_handcrafted
DEMO-0791,Emerson Demo 0791,1979-07-23,No conditions recorded,No medications recorded,Sulfonamide antibiotics,Annual wellness visit,2026-11-21,Cycling,Set a daily check-in preference,synthetic_handcrafted
DEMO-0792,Finley Demo 0792,2003-07-25,Hypertension,Lisinopril,No known allergies recorded,Blood pressure follow-up,2026-11-15,Swimming,Prepare a brief for a new doctor,synthetic_handcrafted
DEMO-0793,Sage Demo 0793,1979-01-21,Asthma,Albuterol inhaler,No known allergies recorded,Asthma care review,2026-11-08,Running,Prepare a brief for a new doctor,synthetic_handcrafted
DEMO-0794,Drew Demo 0794,1973-12-18,Type 2 diabetes,Metformin,Sulfonamide antibiotics,Diabetes follow-up,2027-02-20,Cycling,Prepare for a hackathon,synthetic_handcrafted
DEMO-0795,Quinn Demo 0795,1991-12-10,Hypothyroidism,Levothyroxine,Latex,Thyroid care follow-up,2027-01-16,Walking,Prepare a travel medication summary,synthetic_handcrafted
DEMO-0796,Parker Demo 0796,1982-12-21,No conditions recorded,No medications recorded,Latex,Annual wellness visit,2026-12-01,Swimming,Prepare for a hackathon,synthetic_handcrafted
DEMO-0797,Dakota Demo 0797,1971-03-18,Hypertension,Lisinopril,Sulfonamide antibiotics,Blood pressure follow-up,2026-12-25,Running,Prepare a brief for a new doctor,synthetic_handcrafted
DEMO-0798,Finley Demo 0798,2007-09-09,Asthma,Albuterol inhaler,Sulfonamide antibiotics,Asthma care review,2027-01-26,Walking,Prepare a brief for a new doctor,synthetic_handcrafted
DEMO-0799,Riley Demo 0799,1997-01-17,Type 2 diabetes,Metformin,Penicillin,Diabetes follow-up,2026-10-28,Swimming,Prepare a travel medication summary,synthetic_handcrafted
DEMO-0800,Emerson Demo 0800,1976-08-19,Hypothyroidism,Levothyroxine,Penicillin,Thyroid care follow-up,2027-02-24,Walking,Prepare for a hackathon,synthetic_handcrafted
DEMO-0801,Dakota Demo 0801,1988-08-15,No conditions recorded,No medications recorded,Sulfonamide antibiotics,Annual wellness visit,2027-03-03,Swimming,Set a daily check-in preference,synthetic_handcrafted
DEMO-0802,Jordan Demo 0802,1983-05-03,Hypertension,Lisinopril,Sulfonamide antibiotics,Blood pressure follow-up,2027-03-26,Cycling,Set a daily check-in preference,synthetic_handcrafted
DEMO-0803,Riley Demo 0803,1990-01-20,Asthma,Albuterol inhaler,Latex,Asthma care review,2026-12-29,Cycling,Prepare for a hackathon,synthetic_handcrafted
DEMO-0804,Quinn Demo 0804,1975-08-27,Type 2 diabetes,Metformin,Latex,Diabetes follow-up,2026-12-14,Cycling,Set a daily check-in preference,synthetic_handcrafted
DEMO-0805,Jamie Demo 0805,1998-09-27,Hypothyroidism,Levothyroxine,No known allergies recorded,Thyroid care follow-up,2026-11-01,Cycling,Prepare a brief for a new doctor,synthetic_handcrafted
DEMO-0806,Emerson Demo 0806,2004-08-16,No conditions recorded,No medications recorded,No known allergies recorded,Annual wellness visit,2027-03-21,Running,Prepare for a hackathon,synthetic_handcrafted
DEMO-0807,Taylor Demo 0807,1985-02-10,Hypertension,Lisinopril,Peanuts,Blood pressure follow-up,2026-12-07,Cycling,Prepare a travel medication summary,synthetic_handcrafted
DEMO-0808,Skyler Demo 0808,1986-04-26,Asthma,Albuterol inhaler,No known allergies recorded,Asthma care review,2026-10-22,Running,Prepare a brief for a new doctor,synthetic_handcrafted
DEMO-0809,Avery Demo 0809,2005-11-07,Type 2 diabetes,Metformin,No known allergies recorded,Diabetes follow-up,2026-10-30,Running,Prepare a travel medication summary,synthetic_handcrafted
DEMO-0810,Avery Demo 0810,1973-12-16,Hypothyroidism,Levothyroxine,Latex,Thyroid care follow-up,2027-02-18,Swimming,Prepare a travel medication summary,synthetic_handcrafted
DEMO-0811,Cameron Demo 0811,1980-12-15,No conditions recorded,No medications recorded,Peanuts,Annual wellness visit,2027-01-14,Cycling,Prepare a travel medication summary,synthetic_handcrafted
DEMO-0812,Rowan Demo 0812,1981-09-22,Hypertension,Lisinopril,Latex,Blood pressure follow-up,2026-12-29,Swimming,Set a daily check-in preference,synthetic_handcrafted
DEMO-0813,Parker Demo 0813,1998-08-11,Asthma,Albuterol inhaler,Latex,Asthma care review,2027-03-13,Walking,Prepare for a hackathon,synthetic_handcrafted
DEMO-0814,Jordan Demo 0814,1989-06-09,Type 2 diabetes,Metformin,Peanuts,Diabetes follow-up,2026-11-19,Swimming,Set a daily check-in preference,synthetic_handcrafted
DEMO-0815,Reese Demo 0815,1973-11-20,Hypothyroidism,Levothyroxine,Sulfonamide antibiotics,Thyroid care follow-up,2027-02-22,Swimming,Prepare for a hackathon,synthetic_handcrafted
DEMO-0816,Riley Demo 0816,1990-05-23,No conditions recorded,No medications recorded,No known allergies recorded,Annual wellness visit,2027-01-17,Running,Set a daily check-in preference,synthetic_handcrafted
DEMO-0817,Robin Demo 0817,1982-07-06,Hypertension,Lisinopril,No known allergies recorded,Blood pressure follow-up,2027-01-18,Running,Set a daily check-in preference,synthetic_handcrafted
DEMO-0818,Casey Demo 0818,1984-02-07,Asthma,Albuterol inhaler,Sulfonamide antibiotics,Asthma care review,2027-01-18,Swimming,Set a daily check-in preference,synthetic_handcrafted
DEMO-0819,Jordan Demo 0819,2000-11-13,Type 2 diabetes,Metformin,No known allergies recorded,Diabetes follow-up,2026-11-27,Swimming,Prepare a travel medication summary,synthetic_handcrafted
DEMO-0820,Casey Demo 0820,1976-09-24,Hypothyroidism,Levothyroxine,Latex,Thyroid care follow-up,2027-03-18,Swimming,Prepare a travel medication summary,synthetic_handcrafted
DEMO-0821,Drew Demo 0821,2004-08-26,No conditions recorded,No medications recorded,Sulfonamide antibiotics,Annual wellness visit,2027-02-07,Cycling,Prepare for a hackathon,synthetic_handcrafted
DEMO-0822,Drew Demo 0822,1981-05-28,Hypertension,Lisinopril,No known allergies recorded,Blood pressure follow-up,2027-01-22,Running,Prepare for a hackathon,synthetic_handcrafted
DEMO-0823,Reese Demo 0823,1987-03-17,Asthma,Albuterol inhaler,Penicillin,Asthma care review,2026-12-10,Walking,Prepare for a hackathon,synthetic_handcrafted
DEMO-0824,Sage Demo 0824,1970-06-05,Type 2 diabetes,Metformin,No known allergies recorded,Diabetes follow-up,2026-12-11,Walking,Prepare for a hackathon,synthetic_handcrafted
DEMO-0825,Taylor Demo 0825,1982-06-22,Hypothyroidism,Levothyroxine,No known allergies recorded,Thyroid care follow-up,2026-11-09,Cycling,Set a daily check-in preference,synthetic_handcrafted
DEMO-0826,Parker Demo 0826,1974-04-29,No conditions recorded,No medications recorded,Peanuts,Annual wellness visit,2026-12-27,Running,Prepare a brief for a new doctor,synthetic_handcrafted
DEMO-0827,Robin Demo 0827,1977-06-11,Hypertension,Lisinopril,No known allergies recorded,Blood pressure follow-up,2026-12-29,Walking,Prepare for a hackathon,synthetic_handcrafted
DEMO-0828,Taylor Demo 0828,2004-11-22,Asthma,Albuterol inhaler,No known allergies recorded,Asthma care review,2026-10-13,Running,Prepare a brief for a new doctor,synthetic_handcrafted
DEMO-0829,Taylor Demo 0829,1988-07-08,Type 2 diabetes,Metformin,Peanuts,Diabetes follow-up,2027-02-23,Running,Prepare a brief for a new doctor,synthetic_handcrafted
DEMO-0830,Jamie Demo 0830,1984-06-01,Hypothyroidism,Levothyroxine,Penicillin,Thyroid care follow-up,2026-10-12,Running,Prepare a travel medication summary,synthetic_handcrafted
DEMO-0831,Casey Demo 0831,2005-04-01,No conditions recorded,No medications recorded,Penicillin,Annual wellness visit,2026-12-04,Walking,Prepare for a hackathon,synthetic_handcrafted
DEMO-0832,Skyler Demo 0832,1970-08-04,Hypertension,Lisinopril,Latex,Blood pressure follow-up,2026-12-02,Running,Set a daily check-in preference,synthetic_handcrafted
DEMO-0833,Robin Demo 0833,1986-12-11,Asthma,Albuterol inhaler,Peanuts,Asthma care review,2027-03-31,Walking,Set a daily check-in preference,synthetic_handcrafted
DEMO-0834,Robin Demo 0834,1992-02-16,Type 2 diabetes,Metformin,Peanuts,Diabetes follow-up,2026-10-21,Walking,Prepare for a hackathon,synthetic_handcrafted
DEMO-0835,Finley Demo 0835,1987-07-23,Hypothyroidism,Levothyroxine,Penicillin,Thyroid care follow-up,2026-11-20,Swimming,Set a daily check-in preference,synthetic_handcrafted
DEMO-0836,Rowan Demo 0836,1985-11-25,No conditions recorded,No medications recorded,Peanuts,Annual wellness visit,2027-02-12,Running,Prepare a travel medication summary,synthetic_handcrafted
DEMO-0837,Reese Demo 0837,1996-10-02,Hypertension,Lisinopril,Penicillin,Blood pressure follow-up,2027-02-17,Swimming,Set a daily check-in preference,synthetic_handcrafted
DEMO-0838,Finley Demo 0838,1998-04-12,Asthma,Albuterol inhaler,Latex,Asthma care review,2027-01-04,Running,Prepare for a hackathon,synthetic_handcrafted
DEMO-0839,Jamie Demo 0839,1986-09-17,Type 2 diabetes,Metformin,Peanuts,Diabetes follow-up,2027-03-11,Running,Prepare for a hackathon,synthetic_handcrafted
DEMO-0840,Avery Demo 0840,2001-02-19,Hypothyroidism,Levothyroxine,Latex,Thyroid care follow-up,2027-01-30,Running,Prepare for a hackathon,synthetic_handcrafted
DEMO-0841,Jordan Demo 0841,1973-09-02,No conditions recorded,No medications recorded,Peanuts,Annual wellness visit,2026-12-22,Running,Prepare for a hackathon,synthetic_handcrafted
DEMO-0842,Robin Demo 0842,1979-08-25,Hypertension,Lisinopril,Sulfonamide antibiotics,Blood pressure follow-up,2026-10-24,Running,Prepare for a hackathon,synthetic_handcrafted
DEMO-0843,Jamie Demo 0843,1983-08-20,Asthma,Albuterol inhaler,Latex,Asthma care review,2026-12-23,Running,Set a daily check-in preference,synthetic_handcrafted
DEMO-0844,Riley Demo 0844,1970-10-01,Type 2 diabetes,Metformin,Sulfonamide antibiotics,Diabetes follow-up,2027-02-20,Cycling,Prepare for a hackathon,synthetic_handcrafted
DEMO-0845,Jordan Demo 0845,1980-05-22,Hypothyroidism,Levothyroxine,Latex,Thyroid care follow-up,2027-03-31,Walking,Prepare a brief for a new doctor,synthetic_handcrafted
DEMO-0846,Finley Demo 0846,1997-04-09,No conditions recorded,No medications recorded,Latex,Annual wellness visit,2026-11-02,Cycling,Prepare for a hackathon,synthetic_handcrafted
DEMO-0847,Reese Demo 0847,2004-03-12,Hypertension,Lisinopril,Latex,Blood pressure follow-up,2026-10-18,Swimming,Prepare a brief for a new doctor,synthetic_handcrafted
DEMO-0848,Alex Demo 0848,1975-03-11,Asthma,Albuterol inhaler,Latex,Asthma care review,2027-01-02,Running,Set a daily check-in preference,synthetic_handcrafted
DEMO-0849,Morgan Demo 0849,1994-08-26,Type 2 diabetes,Metformin,Peanuts,Diabetes follow-up,2027-03-15,Walking,Prepare for a hackathon,synthetic_handcrafted
DEMO-0850,Jordan Demo 0850,1997-01-30,Hypothyroidism,Levothyroxine,No known allergies recorded,Thyroid care follow-up,2026-12-13,Walking,Prepare a brief for a new doctor,synthetic_handcrafted
DEMO-0851,Taylor Demo 0851,1983-12-23,No conditions recorded,No medications recorded,Latex,Annual wellness visit,2026-12-28,Cycling,Set a daily check-in preference,synthetic_handcrafted
DEMO-0852,Avery Demo 0852,1988-04-10,Hypertension,Lisinopril,Sulfonamide antibiotics,Blood pressure follow-up,2027-01-30,Cycling,Set a daily check-in preference,synthetic_handcrafted
DEMO-0853,Rowan Demo 0853,1992-06-12,Asthma,Albuterol inhaler,No known allergies recorded,Asthma care review,2026-12-29,Swimming,Prepare a brief for a new doctor,synthetic_handcrafted
DEMO-0854,Jamie Demo 0854,1979-02-13,Type 2 diabetes,Metformin,Peanuts,Diabetes follow-up,2027-02-23,Walking,Prepare a brief for a new doctor,synthetic_handcrafted
DEMO-0855,Morgan Demo 0855,1997-06-21,Hypothyroidism,Levothyroxine,Peanuts,Thyroid care follow-up,2027-02-27,Cycling,Set a daily check-in preference,synthetic_handcrafted
DEMO-0856,Avery Demo 0856,2004-04-04,No conditions recorded,No medications recorded,Latex,Annual wellness visit,2027-02-11,Swimming,Prepare for a hackathon,synthetic_handcrafted
DEMO-0857,Morgan Demo 0857,1997-11-15,Hypertension,Lisinopril,No known allergies recorded,Blood pressure follow-up,2027-01-23,Cycling,Prepare a travel medication summary,synthetic_handcrafted
DEMO-0858,Rowan Demo 0858,1991-08-24,Asthma,Albuterol inhaler,No known allergies recorded,Asthma care review,2026-10-26,Walking,Prepare a brief for a new doctor,synthetic_handcrafted
DEMO-0859,Emerson Demo 0859,1992-12-06,Type 2 diabetes,Metformin,Sulfonamide antibiotics,Diabetes follow-up,2027-02-15,Walking,Prepare for a hackathon,synthetic_handcrafted
DEMO-0860,Alex Demo 0860,1978-06-10,Hypothyroidism,Levothyroxine,No known allergies recorded,Thyroid care follow-up,2026-11-23,Cycling,Prepare a brief for a new doctor,synthetic_handcrafted
DEMO-0861,Jordan Demo 0861,1983-06-21,No conditions recorded,No medications recorded,Penicillin,Annual wellness visit,2027-02-04,Walking,Prepare a travel medication summary,synthetic_handcrafted
DEMO-0862,Parker Demo 0862,1994-08-01,Hypertension,Lisinopril,Penicillin,Blood pressure follow-up,2026-10-24,Swimming,Set a daily check-in preference,synthetic_handcrafted
DEMO-0863,Alex Demo 0863,2006-09-17,Asthma,Albuterol inhaler,Peanuts,Asthma care review,2027-01-01,Running,Prepare for a hackathon,synthetic_handcrafted
DEMO-0864,Dakota Demo 0864,1985-01-24,Type 2 diabetes,Metformin,Peanuts,Diabetes follow-up,2027-01-23,Swimming,Prepare a travel medication summary,synthetic_handcrafted
DEMO-0865,Alex Demo 0865,1991-03-01,Hypothyroidism,Levothyroxine,Penicillin,Thyroid care follow-up,2026-10-25,Cycling,Prepare a travel medication summary,synthetic_handcrafted
DEMO-0866,Finley Demo 0866,1983-06-18,No conditions recorded,No medications recorded,Peanuts,Annual wellness visit,2026-11-22,Cycling,Prepare for a hackathon,synthetic_handcrafted
DEMO-0867,Sage Demo 0867,2004-11-16,Hypertension,Lisinopril,Sulfonamide antibiotics,Blood pressure follow-up,2026-10-12,Running,Prepare a brief for a new doctor,synthetic_handcrafted
DEMO-0868,Drew Demo 0868,1989-07-13,Asthma,Albuterol inhaler,Latex,Asthma care review,2026-12-02,Running,Prepare a travel medication summary,synthetic_handcrafted
DEMO-0869,Taylor Demo 0869,2005-02-17,Type 2 diabetes,Metformin,Peanuts,Diabetes follow-up,2026-11-29,Swimming,Prepare a travel medication summary,synthetic_handcrafted
DEMO-0870,Morgan Demo 0870,1985-07-15,Hypothyroidism,Levothyroxine,Sulfonamide antibiotics,Thyroid care follow-up,2027-01-12,Cycling,Prepare a travel medication summary,synthetic_handcrafted
DEMO-0871,Rowan Demo 0871,1977-11-20,No conditions recorded,No medications recorded,Peanuts,Annual wellness visit,2027-01-08,Walking,Set a daily check-in preference,synthetic_handcrafted
DEMO-0872,Casey Demo 0872,1975-07-15,Hypertension,Lisinopril,Sulfonamide antibiotics,Blood pressure follow-up,2026-10-14,Cycling,Prepare a brief for a new doctor,synthetic_handcrafted
DEMO-0873,Reese Demo 0873,2002-03-12,Asthma,Albuterol inhaler,Peanuts,Asthma care review,2027-03-13,Walking,Set a daily check-in preference,synthetic_handcrafted
DEMO-0874,Parker Demo 0874,1982-04-27,Type 2 diabetes,Metformin,Sulfonamide antibiotics,Diabetes follow-up,2026-11-13,Running,Prepare for a hackathon,synthetic_handcrafted
DEMO-0875,Jordan Demo 0875,1990-01-27,Hypothyroidism,Levothyroxine,No known allergies recorded,Thyroid care follow-up,2026-12-29,Walking,Prepare a brief for a new doctor,synthetic_handcrafted
DEMO-0876,Jamie Demo 0876,1971-08-16,No conditions recorded,No medications recorded,Peanuts,Annual wellness visit,2026-12-25,Swimming,Prepare for a hackathon,synthetic_handcrafted
DEMO-0877,Riley Demo 0877,2001-08-08,Hypertension,Lisinopril,Penicillin,Blood pressure follow-up,2027-03-15,Swimming,Prepare for a hackathon,synthetic_handcrafted
DEMO-0878,Casey Demo 0878,2006-10-22,Asthma,Albuterol inhaler,Penicillin,Asthma care review,2026-10-22,Swimming,Prepare a travel medication summary,synthetic_handcrafted
DEMO-0879,Avery Demo 0879,1980-10-20,Type 2 diabetes,Metformin,Penicillin,Diabetes follow-up,2026-10-30,Cycling,Prepare a brief for a new doctor,synthetic_handcrafted
DEMO-0880,Sage Demo 0880,2002-01-26,Hypothyroidism,Levothyroxine,No known allergies recorded,Thyroid care follow-up,2027-03-24,Swimming,Set a daily check-in preference,synthetic_handcrafted
DEMO-0881,Rowan Demo 0881,1997-01-28,No conditions recorded,No medications recorded,Peanuts,Annual wellness visit,2027-01-09,Cycling,Set a daily check-in preference,synthetic_handcrafted
DEMO-0882,Emerson Demo 0882,1985-06-22,Hypertension,Lisinopril,Penicillin,Blood pressure follow-up,2026-12-29,Cycling,Prepare a travel medication summary,synthetic_handcrafted
DEMO-0883,Drew Demo 0883,1997-07-17,Asthma,Albuterol inhaler,Latex,Asthma care review,2026-11-28,Swimming,Prepare a travel medication summary,synthetic_handcrafted
DEMO-0884,Alex Demo 0884,1999-04-08,Type 2 diabetes,Metformin,Sulfonamide antibiotics,Diabetes follow-up,2027-03-09,Swimming,Set a daily check-in preference,synthetic_handcrafted
DEMO-0885,Alex Demo 0885,1982-06-27,Hypothyroidism,Levothyroxine,Penicillin,Thyroid care follow-up,2026-12-20,Swimming,Prepare for a hackathon,synthetic_handcrafted
DEMO-0886,Riley Demo 0886,1970-01-07,No conditions recorded,No medications recorded,Penicillin,Annual wellness visit,2026-12-17,Cycling,Prepare for a hackathon,synthetic_handcrafted
DEMO-0887,Drew Demo 0887,1999-06-12,Hypertension,Lisinopril,Penicillin,Blood pressure follow-up,2027-01-05,Walking,Prepare a brief for a new doctor,synthetic_handcrafted
DEMO-0888,Cameron Demo 0888,1972-08-31,Asthma,Albuterol inhaler,No known allergies recorded,Asthma care review,2027-03-29,Swimming,Set a daily check-in preference,synthetic_handcrafted
DEMO-0889,Robin Demo 0889,2002-03-14,Type 2 diabetes,Metformin,No known allergies recorded,Diabetes follow-up,2027-02-26,Swimming,Prepare a brief for a new doctor,synthetic_handcrafted
DEMO-0890,Rowan Demo 0890,2003-06-05,Hypothyroidism,Levothyroxine,Latex,Thyroid care follow-up,2027-03-12,Walking,Prepare for a hackathon,synthetic_handcrafted
DEMO-0891,Taylor Demo 0891,2002-12-30,No conditions recorded,No medications recorded,Penicillin,Annual wellness visit,2027-01-15,Cycling,Set a daily check-in preference,synthetic_handcrafted
DEMO-0892,Skyler Demo 0892,1999-02-11,Hypertension,Lisinopril,No known allergies recorded,Blood pressure follow-up,2027-01-20,Swimming,Prepare a travel medication summary,synthetic_handcrafted
DEMO-0893,Quinn Demo 0893,2002-09-23,Asthma,Albuterol inhaler,No known allergies recorded,Asthma care review,2026-12-01,Running,Set a daily check-in preference,synthetic_handcrafted
DEMO-0894,Dakota Demo 0894,1990-09-11,Type 2 diabetes,Metformin,Peanuts,Diabetes follow-up,2027-03-23,Swimming,Prepare for a hackathon,synthetic_handcrafted
DEMO-0895,Dakota Demo 0895,2004-02-22,Hypothyroidism,Levothyroxine,Latex,Thyroid care follow-up,2027-01-11,Walking,Prepare a brief for a new doctor,synthetic_handcrafted
DEMO-0896,Emerson Demo 0896,1980-09-23,No conditions recorded,No medications recorded,Sulfonamide antibiotics,Annual wellness visit,2027-02-08,Swimming,Prepare a brief for a new doctor,synthetic_handcrafted
DEMO-0897,Emerson Demo 0897,2005-08-04,Hypertension,Lisinopril,No known allergies recorded,Blood pressure follow-up,2026-10-24,Running,Prepare for a hackathon,synthetic_handcrafted
DEMO-0898,Drew Demo 0898,1971-05-19,Asthma,Albuterol inhaler,Penicillin,Asthma care review,2027-02-24,Swimming,Prepare for a hackathon,synthetic_handcrafted
DEMO-0899,Finley Demo 0899,1972-12-04,Type 2 diabetes,Metformin,Penicillin,Diabetes follow-up,2027-03-26,Cycling,Prepare a brief for a new doctor,synthetic_handcrafted
DEMO-0900,Rowan Demo 0900,1976-07-06,Hypothyroidism,Levothyroxine,Sulfonamide antibiotics,Thyroid care follow-up,2026-12-08,Walking,Prepare for a hackathon,synthetic_handcrafted
DEMO-0901,Quinn Demo 0901,1993-08-15,No conditions recorded,No medications recorded,No known allergies recorded,Annual wellness visit,2026-10-25,Swimming,Set a daily check-in preference,synthetic_handcrafted
DEMO-0902,Quinn Demo 0902,1997-08-28,Hypertension,Lisinopril,Latex,Blood pressure follow-up,2026-11-20,Running,Prepare a brief for a new doctor,synthetic_handcrafted
DEMO-0903,Cameron Demo 0903,1989-05-13,Asthma,Albuterol inhaler,No known allergies recorded,Asthma care review,2027-02-21,Cycling,Prepare a travel medication summary,synthetic_handcrafted
DEMO-0904,Jordan Demo 0904,1989-10-29,Type 2 diabetes,Metformin,Peanuts,Diabetes follow-up,2027-01-14,Walking,Set a daily check-in preference,synthetic_handcrafted
DEMO-0905,Morgan Demo 0905,1970-06-21,Hypothyroidism,Levothyroxine,No known allergies recorded,Thyroid care follow-up,2026-10-11,Swimming,Set a daily check-in preference,synthetic_handcrafted
DEMO-0906,Reese Demo 0906,1977-06-09,No conditions recorded,No medications recorded,Latex,Annual wellness visit,2027-01-13,Walking,Prepare a travel medication summary,synthetic_handcrafted
DEMO-0907,Alex Demo 0907,1997-06-15,Hypertension,Lisinopril,No known allergies recorded,Blood pressure follow-up,2026-11-27,Swimming,Set a daily check-in preference,synthetic_handcrafted
DEMO-0908,Casey Demo 0908,1976-11-26,Asthma,Albuterol inhaler,No known allergies recorded,Asthma care review,2026-11-14,Running,Prepare for a hackathon,synthetic_handcrafted
DEMO-0909,Drew Demo 0909,2004-09-24,Type 2 diabetes,Metformin,No known allergies recorded,Diabetes follow-up,2027-01-31,Walking,Prepare a travel medication summary,synthetic_handcrafted
DEMO-0910,Rowan Demo 0910,1974-04-11,Hypothyroidism,Levothyroxine,Peanuts,Thyroid care follow-up,2027-03-29,Cycling,Prepare for a hackathon,synthetic_handcrafted
DEMO-0911,Morgan Demo 0911,2003-10-11,No conditions recorded,No medications recorded,Sulfonamide antibiotics,Annual wellness visit,2026-12-09,Running,Set a daily check-in preference,synthetic_handcrafted
DEMO-0912,Riley Demo 0912,1978-10-25,Hypertension,Lisinopril,Sulfonamide antibiotics,Blood pressure follow-up,2027-03-20,Cycling,Prepare a travel medication summary,synthetic_handcrafted
DEMO-0913,Rowan Demo 0913,1993-02-21,Asthma,Albuterol inhaler,Latex,Asthma care review,2027-02-27,Cycling,Prepare for a hackathon,synthetic_handcrafted
DEMO-0914,Skyler Demo 0914,1982-11-20,Type 2 diabetes,Metformin,Latex,Diabetes follow-up,2026-10-30,Running,Prepare a travel medication summary,synthetic_handcrafted
DEMO-0915,Jordan Demo 0915,1972-04-09,Hypothyroidism,Levothyroxine,No known allergies recorded,Thyroid care follow-up,2026-11-25,Walking,Set a daily check-in preference,synthetic_handcrafted
DEMO-0916,Casey Demo 0916,1994-07-17,No conditions recorded,No medications recorded,Latex,Annual wellness visit,2026-11-17,Swimming,Prepare for a hackathon,synthetic_handcrafted
DEMO-0917,Alex Demo 0917,1977-04-24,Hypertension,Lisinopril,Sulfonamide antibiotics,Blood pressure follow-up,2026-11-25,Running,Prepare a brief for a new doctor,synthetic_handcrafted
DEMO-0918,Rowan Demo 0918,2001-09-15,Asthma,Albuterol inhaler,Sulfonamide antibiotics,Asthma care review,2026-10-24,Cycling,Prepare for a hackathon,synthetic_handcrafted
DEMO-0919,Riley Demo 0919,1979-01-28,Type 2 diabetes,Metformin,Sulfonamide antibiotics,Diabetes follow-up,2027-02-28,Running,Prepare a brief for a new doctor,synthetic_handcrafted
DEMO-0920,Taylor Demo 0920,1985-04-30,Hypothyroidism,Levothyroxine,No known allergies recorded,Thyroid care follow-up,2027-03-03,Walking,Prepare for a hackathon,synthetic_handcrafted
DEMO-0921,Finley Demo 0921,1996-03-11,No conditions recorded,No medications recorded,Penicillin,Annual wellness visit,2027-02-16,Running,Prepare a brief for a new doctor,synthetic_handcrafted
DEMO-0922,Taylor Demo 0922,1986-05-23,Hypertension,Lisinopril,Sulfonamide antibiotics,Blood pressure follow-up,2026-11-11,Swimming,Prepare a brief for a new doctor,synthetic_handcrafted
DEMO-0923,Quinn Demo 0923,1992-05-09,Asthma,Albuterol inhaler,Penicillin,Asthma care review,2026-10-19,Running,Prepare a travel medication summary,synthetic_handcrafted
DEMO-0924,Emerson Demo 0924,1982-01-30,Type 2 diabetes,Metformin,Penicillin,Diabetes follow-up,2027-03-26,Running,Prepare a brief for a new doctor,synthetic_handcrafted
DEMO-0925,Quinn Demo 0925,2005-10-25,Hypothyroidism,Levothyroxine,Penicillin,Thyroid care follow-up,2027-01-26,Walking,Prepare a travel medication summary,synthetic_handcrafted
DEMO-0926,Parker Demo 0926,2000-01-20,No conditions recorded,No medications recorded,No known allergies recorded,Annual wellness visit,2027-03-01,Swimming,Prepare a travel medication summary,synthetic_handcrafted
DEMO-0927,Casey Demo 0927,1971-06-06,Hypertension,Lisinopril,Sulfonamide antibiotics,Blood pressure follow-up,2027-03-27,Running,Prepare a brief for a new doctor,synthetic_handcrafted
DEMO-0928,Avery Demo 0928,2007-04-13,Asthma,Albuterol inhaler,Sulfonamide antibiotics,Asthma care review,2027-02-19,Walking,Prepare for a hackathon,synthetic_handcrafted
DEMO-0929,Morgan Demo 0929,1989-06-24,Type 2 diabetes,Metformin,Sulfonamide antibiotics,Diabetes follow-up,2027-03-26,Swimming,Set a daily check-in preference,synthetic_handcrafted
DEMO-0930,Jordan Demo 0930,1972-05-08,Hypothyroidism,Levothyroxine,Latex,Thyroid care follow-up,2026-10-15,Walking,Prepare for a hackathon,synthetic_handcrafted
DEMO-0931,Dakota Demo 0931,1992-03-03,No conditions recorded,No medications recorded,Latex,Annual wellness visit,2027-03-25,Running,Prepare for a hackathon,synthetic_handcrafted
DEMO-0932,Jordan Demo 0932,1972-06-22,Hypertension,Lisinopril,Peanuts,Blood pressure follow-up,2027-01-19,Walking,Prepare a brief for a new doctor,synthetic_handcrafted
DEMO-0933,Finley Demo 0933,2004-09-11,Asthma,Albuterol inhaler,Peanuts,Asthma care review,2027-02-08,Walking,Prepare for a hackathon,synthetic_handcrafted
DEMO-0934,Robin Demo 0934,1978-04-01,Type 2 diabetes,Metformin,Peanuts,Diabetes follow-up,2027-03-19,Running,Prepare a travel medication summary,synthetic_handcrafted
DEMO-0935,Taylor Demo 0935,2005-07-04,Hypothyroidism,Levothyroxine,Penicillin,Thyroid care follow-up,2027-03-28,Running,Prepare for a hackathon,synthetic_handcrafted
DEMO-0936,Rowan Demo 0936,1987-09-13,No conditions recorded,No medications recorded,No known allergies recorded,Annual wellness visit,2026-11-05,Running,Prepare a brief for a new doctor,synthetic_handcrafted
DEMO-0937,Sage Demo 0937,2006-04-04,Hypertension,Lisinopril,No known allergies recorded,Blood pressure follow-up,2026-12-14,Swimming,Prepare for a hackathon,synthetic_handcrafted
DEMO-0938,Avery Demo 0938,1970-06-07,Asthma,Albuterol inhaler,No known allergies recorded,Asthma care review,2027-03-19,Swimming,Prepare for a hackathon,synthetic_handcrafted
DEMO-0939,Rowan Demo 0939,1988-11-23,Type 2 diabetes,Metformin,No known allergies recorded,Diabetes follow-up,2026-10-15,Walking,Prepare a brief for a new doctor,synthetic_handcrafted
DEMO-0940,Riley Demo 0940,1992-10-29,Hypothyroidism,Levothyroxine,Sulfonamide antibiotics,Thyroid care follow-up,2026-12-09,Cycling,Set a daily check-in preference,synthetic_handcrafted
DEMO-0941,Taylor Demo 0941,1976-05-08,No conditions recorded,No medications recorded,No known allergies recorded,Annual wellness visit,2027-02-13,Walking,Prepare a travel medication summary,synthetic_handcrafted
DEMO-0942,Casey Demo 0942,2005-09-28,Hypertension,Lisinopril,Sulfonamide antibiotics,Blood pressure follow-up,2027-03-01,Walking,Set a daily check-in preference,synthetic_handcrafted
DEMO-0943,Parker Demo 0943,1971-04-09,Asthma,Albuterol inhaler,Peanuts,Asthma care review,2027-03-04,Running,Set a daily check-in preference,synthetic_handcrafted
DEMO-0944,Avery Demo 0944,1997-08-21,Type 2 diabetes,Metformin,Latex,Diabetes follow-up,2026-11-30,Walking,Prepare for a hackathon,synthetic_handcrafted
DEMO-0945,Jamie Demo 0945,1988-09-24,Hypothyroidism,Levothyroxine,Penicillin,Thyroid care follow-up,2027-01-15,Walking,Prepare for a hackathon,synthetic_handcrafted
DEMO-0946,Quinn Demo 0946,1990-02-12,No conditions recorded,No medications recorded,Latex,Annual wellness visit,2027-02-19,Walking,Prepare a brief for a new doctor,synthetic_handcrafted
DEMO-0947,Cameron Demo 0947,1970-10-11,Hypertension,Lisinopril,Penicillin,Blood pressure follow-up,2027-02-26,Walking,Set a daily check-in preference,synthetic_handcrafted
DEMO-0948,Alex Demo 0948,1975-11-12,Asthma,Albuterol inhaler,Penicillin,Asthma care review,2027-03-05,Swimming,Prepare for a hackathon,synthetic_handcrafted
DEMO-0949,Morgan Demo 0949,1988-01-13,Type 2 diabetes,Metformin,Penicillin,Diabetes follow-up,2026-11-17,Walking,Prepare for a hackathon,synthetic_handcrafted
DEMO-0950,Quinn Demo 0950,2001-06-12,Hypothyroidism,Levothyroxine,Latex,Thyroid care follow-up,2026-10-30,Running,Prepare a brief for a new doctor,synthetic_handcrafted
DEMO-0951,Alex Demo 0951,1980-11-21,No conditions recorded,No medications recorded,Sulfonamide antibiotics,Annual wellness visit,2026-12-22,Walking,Set a daily check-in preference,synthetic_handcrafted
DEMO-0952,Taylor Demo 0952,1976-05-06,Hypertension,Lisinopril,No known allergies recorded,Blood pressure follow-up,2027-01-04,Swimming,Set a daily check-in preference,synthetic_handcrafted
DEMO-0953,Reese Demo 0953,1974-01-11,Asthma,Albuterol inhaler,No known allergies recorded,Asthma care review,2027-01-29,Walking,Prepare a travel medication summary,synthetic_handcrafted
DEMO-0954,Robin Demo 0954,2005-04-07,Type 2 diabetes,Metformin,Penicillin,Diabetes follow-up,2026-12-19,Swimming,Prepare for a hackathon,synthetic_handcrafted
DEMO-0955,Skyler Demo 0955,2006-02-22,Hypothyroidism,Levothyroxine,Peanuts,Thyroid care follow-up,2026-11-27,Walking,Set a daily check-in preference,synthetic_handcrafted
DEMO-0956,Riley Demo 0956,1997-02-17,No conditions recorded,No medications recorded,No known allergies recorded,Annual wellness visit,2026-10-17,Walking,Prepare a travel medication summary,synthetic_handcrafted
DEMO-0957,Alex Demo 0957,1993-04-23,Hypertension,Lisinopril,Peanuts,Blood pressure follow-up,2026-11-22,Cycling,Prepare a brief for a new doctor,synthetic_handcrafted
DEMO-0958,Alex Demo 0958,1986-05-28,Asthma,Albuterol inhaler,Peanuts,Asthma care review,2027-03-19,Swimming,Prepare a travel medication summary,synthetic_handcrafted
DEMO-0959,Sage Demo 0959,2002-05-07,Type 2 diabetes,Metformin,No known allergies recorded,Diabetes follow-up,2027-01-02,Walking,Set a daily check-in preference,synthetic_handcrafted
DEMO-0960,Alex Demo 0960,1989-10-18,Hypothyroidism,Levothyroxine,No known allergies recorded,Thyroid care follow-up,2027-02-04,Walking,Prepare for a hackathon,synthetic_handcrafted
DEMO-0961,Finley Demo 0961,1988-02-02,No conditions recorded,No medications recorded,Penicillin,Annual wellness visit,2027-03-15,Cycling,Prepare for a hackathon,synthetic_handcrafted
DEMO-0962,Avery Demo 0962,1983-03-17,Hypertension,Lisinopril,No known allergies recorded,Blood pressure follow-up,2027-03-24,Cycling,Prepare a brief for a new doctor,synthetic_handcrafted
DEMO-0963,Robin Demo 0963,2006-01-27,Asthma,Albuterol inhaler,Peanuts,Asthma care review,2027-03-18,Cycling,Prepare a travel medication summary,synthetic_handcrafted
DEMO-0964,Casey Demo 0964,2003-02-07,Type 2 diabetes,Metformin,No known allergies recorded,Diabetes follow-up,2026-10-26,Walking,Prepare a travel medication summary,synthetic_handcrafted
DEMO-0965,Quinn Demo 0965,2007-06-07,Hypothyroidism,Levothyroxine,No known allergies recorded,Thyroid care follow-up,2027-01-07,Swimming,Prepare for a hackathon,synthetic_handcrafted
DEMO-0966,Jamie Demo 0966,1995-04-16,No conditions recorded,No medications recorded,Peanuts,Annual wellness visit,2027-03-01,Cycling,Prepare a brief for a new doctor,synthetic_handcrafted
DEMO-0967,Jamie Demo 0967,1979-03-08,Hypertension,Lisinopril,Latex,Blood pressure follow-up,2026-11-17,Swimming,Set a daily check-in preference,synthetic_handcrafted
DEMO-0968,Quinn Demo 0968,2006-09-27,Asthma,Albuterol inhaler,Latex,Asthma care review,2027-01-11,Swimming,Prepare for a hackathon,synthetic_handcrafted
DEMO-0969,Jamie Demo 0969,2005-04-05,Type 2 diabetes,Metformin,Latex,Diabetes follow-up,2027-02-01,Running,Prepare a travel medication summary,synthetic_handcrafted
DEMO-0970,Parker Demo 0970,1971-09-24,Hypothyroidism,Levothyroxine,Sulfonamide antibiotics,Thyroid care follow-up,2026-10-21,Cycling,Prepare for a hackathon,synthetic_handcrafted
DEMO-0971,Alex Demo 0971,1994-04-08,No conditions recorded,No medications recorded,Sulfonamide antibiotics,Annual wellness visit,2027-02-23,Cycling,Prepare for a hackathon,synthetic_handcrafted
DEMO-0972,Parker Demo 0972,1975-08-09,Hypertension,Lisinopril,Peanuts,Blood pressure follow-up,2027-01-04,Walking,Prepare a brief for a new doctor,synthetic_handcrafted
DEMO-0973,Alex Demo 0973,1978-06-03,Asthma,Albuterol inhaler,No known allergies recorded,Asthma care review,2027-01-05,Cycling,Prepare for a hackathon,synthetic_handcrafted
DEMO-0974,Drew Demo 0974,2005-03-13,Type 2 diabetes,Metformin,No known allergies recorded,Diabetes follow-up,2026-11-04,Walking,Prepare for a hackathon,synthetic_handcrafted
DEMO-0975,Reese Demo 0975,1988-05-21,Hypothyroidism,Levothyroxine,Peanuts,Thyroid care follow-up,2026-11-10,Cycling,Prepare a brief for a new doctor,synthetic_handcrafted
DEMO-0976,Rowan Demo 0976,2002-07-23,No conditions recorded,No medications recorded,Penicillin,Annual wellness visit,2026-12-18,Cycling,Prepare for a hackathon,synthetic_handcrafted
DEMO-0977,Alex Demo 0977,2002-01-31,Hypertension,Lisinopril,Sulfonamide antibiotics,Blood pressure follow-up,2027-01-01,Swimming,Prepare a travel medication summary,synthetic_handcrafted
DEMO-0978,Reese Demo 0978,1990-12-14,Asthma,Albuterol inhaler,Sulfonamide antibiotics,Asthma care review,2026-10-16,Running,Prepare for a hackathon,synthetic_handcrafted
DEMO-0979,Cameron Demo 0979,1971-11-18,Type 2 diabetes,Metformin,Peanuts,Diabetes follow-up,2026-12-16,Walking,Set a daily check-in preference,synthetic_handcrafted
DEMO-0980,Reese Demo 0980,2007-11-13,Hypothyroidism,Levothyroxine,Sulfonamide antibiotics,Thyroid care follow-up,2027-01-16,Walking,Prepare a travel medication summary,synthetic_handcrafted
DEMO-0981,Alex Demo 0981,2001-10-07,No conditions recorded,No medications recorded,Penicillin,Annual wellness visit,2027-01-10,Walking,Set a daily check-in preference,synthetic_handcrafted
DEMO-0982,Morgan Demo 0982,1984-09-11,Hypertension,Lisinopril,No known allergies recorded,Blood pressure follow-up,2027-02-12,Cycling,Prepare for a hackathon,synthetic_handcrafted
DEMO-0983,Robin Demo 0983,2003-11-19,Asthma,Albuterol inhaler,No known allergies recorded,Asthma care review,2027-01-07,Swimming,Prepare a travel medication summary,synthetic_handcrafted
DEMO-0984,Drew Demo 0984,2004-12-31,Type 2 diabetes,Metformin,Peanuts,Diabetes follow-up,2027-03-19,Walking,Set a daily check-in preference,synthetic_handcrafted
DEMO-0985,Dakota Demo 0985,2004-01-01,Hypothyroidism,Levothyroxine,Sulfonamide antibiotics,Thyroid care follow-up,2026-12-22,Walking,Prepare a travel medication summary,synthetic_handcrafted
DEMO-0986,Sage Demo 0986,2001-07-12,No conditions recorded,No medications recorded,Latex,Annual wellness visit,2026-11-14,Cycling,Prepare a travel medication summary,synthetic_handcrafted
DEMO-0987,Alex Demo 0987,1971-08-30,Hypertension,Lisinopril,Penicillin,Blood pressure follow-up,2027-03-10,Walking,Prepare a travel medication summary,synthetic_handcrafted
DEMO-0988,Quinn Demo 0988,1982-12-19,Asthma,Albuterol inhaler,Peanuts,Asthma care review,2026-10-24,Walking,Set a daily check-in preference,synthetic_handcrafted
DEMO-0989,Taylor Demo 0989,2002-12-31,Type 2 diabetes,Metformin,Sulfonamide antibiotics,Diabetes follow-up,2027-03-24,Cycling,Prepare a travel medication summary,synthetic_handcrafted
DEMO-0990,Morgan Demo 0990,1977-04-20,Hypothyroidism,Levothyroxine,Latex,Thyroid care follow-up,2026-11-24,Running,Prepare a brief for a new doctor,synthetic_handcrafted
DEMO-0991,Avery Demo 0991,2003-03-12,No conditions recorded,No medications recorded,Sulfonamide antibiotics,Annual wellness visit,2027-03-12,Running,Prepare a brief for a new doctor,synthetic_handcrafted
DEMO-0992,Jordan Demo 0992,2002-09-06,Hypertension,Lisinopril,Peanuts,Blood pressure follow-up,2026-11-01,Walking,Prepare for a hackathon,synthetic_handcrafted
DEMO-0993,Jamie Demo 0993,1990-06-28,Asthma,Albuterol inhaler,No known allergies recorded,Asthma care review,2026-10-29,Walking,Prepare a brief for a new doctor,synthetic_handcrafted
DEMO-0994,Morgan Demo 0994,1973-01-11,Type 2 diabetes,Metformin,No known allergies recorded,Diabetes follow-up,2027-01-28,Walking,Prepare a travel medication summary,synthetic_handcrafted
DEMO-0995,Finley Demo 0995,1994-12-16,Hypothyroidism,Levothyroxine,Peanuts,Thyroid care follow-up,2027-03-02,Running,Prepare a travel medication summary,synthetic_handcrafted
DEMO-0996,Robin Demo 0996,2004-04-01,No conditions recorded,No medications recorded,Penicillin,Annual wellness visit,2026-10-23,Swimming,Prepare a travel medication summary,synthetic_handcrafted
DEMO-0997,Cameron Demo 0997,2000-07-11,Hypertension,Lisinopril,Sulfonamide antibiotics,Blood pressure follow-up,2026-11-08,Running,Prepare for a hackathon,synthetic_handcrafted
DEMO-0998,Morgan Demo 0998,1988-06-16,Asthma,Albuterol inhaler,No known allergies recorded,Asthma care review,2027-02-15,Walking,Prepare a travel medication summary,synthetic_handcrafted
DEMO-0999,Reese Demo 0999,1981-05-10,Type 2 diabetes,Metformin,Sulfonamide antibiotics,Diabetes follow-up,2026-10-22,Swimming,Prepare a travel medication summary,synthetic_handcrafted
DEMO-1000,Parker Demo 1000,1984-04-21,Hypothyroidism,Levothyroxine,No known allergies recorded,Thyroid care follow-up,2026-11-14,Cycling,Set a daily check-in preference,synthetic_handcrafted
